#{"t_start": 1776605778.9724045, "env_id": "None"}
r,l,t,is_success,fusion_alpha
55.905086,16,3.225704,True,0.95
56.972109,21,6.389273,True,0.95
63.901771,31,11.044643,True,0.95
62.261763,27,15.135891,True,0.95
57.918453,49,22.502962,True,0.95
63.182649,41,28.634156,True,0.95
56.308033,18,31.397662,True,0.95
59.766069,23,34.93443,True,0.95
60.043246,22,38.320866,True,0.95
64.102683,32,43.249785,True,0.95
53.669667,7,44.377484,True,0.95
62.038958,25,48.216777,True,0.95
62.951251,26,52.191316,True,0.95
60.000214,22,55.474363,True,0.95
62.252765,27,59.504196,True,0.95
54.469387,10,61.010215,True,0.95
57.387442,17,63.530401,True,0.95
55.965356,12,65.322456,True,0.95
55.118647,60,74.17232,True,0.95
50.417862,1,74.351243,True,0.95
61.92495,65,83.814422,True,0.95
59.060594,18,86.472014,True,0.95
69.825923,45,93.057101,True,0.95
63.869376,30,97.490409,True,0.95
61.682717,27,101.464199,True,0.95
60.633227,27,105.465024,True,0.95
63.108591,48,112.528027,True,0.95
62.114649,26,116.400954,True,0.95
62.918948,51,123.83783,True,0.95
62.267001,32,128.543485,True,0.95
59.702364,58,137.099256,True,0.95
58.219007,24,140.682138,True,0.95
60.218454,27,144.687823,True,0.95
56.971635,64,154.287055,True,0.95
60.409719,25,158.078745,True,0.95
57.645085,16,160.504597,True,0.95
62.782782,29,164.908043,True,0.95
54.435416,14,167.049986,True,0.95
56.331844,15,169.332536,True,0.95
63.757983,30,173.751793,True,0.95
67.560092,79,185.342138,True,0.95
61.15389,22,188.609,True,0.95
61.150599,67,198.512593,True,0.95
53.529067,15,200.75397,True,0.95
52.236597,40,206.705114,True,0.95
59.080002,23,210.107026,True,0.95
54.955765,14,212.192597,True,0.95
62.793088,29,216.464486,True,0.95
60.186833,24,219.948872,True,0.95
63.319425,30,224.478165,True,0.95
62.0621,26,228.41334,True,0.95
56.225751,15,230.753078,True,0.95
53.885881,44,237.379765,True,0.95
58.722869,23,240.879873,True,0.95
56.458871,13,242.886028,True,0.95
55.216571,47,249.952751,True,0.95
62.634174,35,255.215261,True,0.95
57.884997,21,258.393795,True,0.95
60.656622,25,262.207975,True,0.95
59.278547,52,270.167166,True,0.95
58.440805,62,279.658451,True,0.95
55.542699,64,289.201865,True,0.95
60.41208,22,292.493493,True,0.95
63.25369,29,296.839184,True,0.95
61.192108,25,300.589735,True,0.95
56.849755,18,303.297327,True,0.95
62.159075,29,314.98768,True,0.95
56.469781,14,317.082769,True,0.95
62.243769,27,321.122938,True,0.95
58.261276,69,331.306242,True,0.95
54.790328,14,333.384867,True,0.95
55.200182,62,342.427421,True,0.95
61.417533,34,347.336989,True,0.95
60.116076,23,350.697285,True,0.95
61.148012,26,354.481107,True,0.95
59.391452,21,357.556957,True,0.95
63.47569,54,365.338301,True,0.95
59.182144,22,368.552598,True,0.95
55.300051,14,370.600029,True,0.95
62.895924,27,374.516454,True,0.95
58.773612,19,377.291731,True,0.952
56.865544,16,379.639988,True,0.952
55.888861,23,383.026054,True,0.952
64.809982,77,394.38582,True,0.952
56.733369,18,397.099495,True,0.952
58.536269,17,399.657587,True,0.952
67.569434,40,405.620786,True,0.952
55.088264,58,414.129558,True,0.952
62.715015,59,422.683906,True,0.952
52.929451,7,423.729644,True,0.952
57.481622,65,433.237895,True,0.952
61.123142,27,437.235973,True,0.952
63.291798,29,441.501293,True,0.952
61.504492,167,465.891945,True,0.952
56.744626,57,474.241323,True,0.952
61.319484,23,477.645236,True,0.952
55.333747,52,485.313442,True,0.952
58.698779,18,488.002915,True,0.952
55.625444,12,489.822569,True,0.952
57.925825,22,493.143422,True,0.952
62.648318,28,497.323072,True,0.952
56.465116,19,500.15071,True,0.952
62.519652,74,511.006344,True,0.952
58.196021,22,514.268589,True,0.952
63.897692,37,519.711783,True,0.952
54.948123,11,521.376887,True,0.952
61.564343,25,525.096114,True,0.952
59.200298,19,527.914109,True,0.952
62.633608,28,532.117808,True,0.952
58.841407,94,546.272233,True,0.952
60.259756,21,549.474091,True,0.952
52.38342,17,552.017839,True,0.952
61.545538,26,555.869343,True,0.952
63.006195,72,566.48536,True,0.952
55.119804,12,568.309118,True,0.952
49.714542,1,568.49048,True,0.952
56.800781,18,571.195203,True,0.952
58.097783,56,579.543447,True,0.952
56.242291,16,581.927434,True,0.952
58.788493,25,585.612273,True,0.952
62.140833,58,594.127302,True,0.952
58.508573,45,600.812302,True,0.952
59.931776,23,604.288095,True,0.952
59.427905,21,607.506538,True,0.952
64.353167,33,612.530555,True,0.952
61.134728,33,627.281941,True,0.952
60.007251,24,630.841354,True,0.952
59.966754,60,639.661703,True,0.952
62.091066,27,643.669916,True,0.952
59.958375,54,651.644284,True,0.952
63.322447,35,656.864724,True,0.952
58.30549,18,659.57991,True,0.952
63.197812,28,663.751749,True,0.952
59.154778,19,666.645409,True,0.952
55.534852,54,674.816286,True,0.952
61.265518,28,678.974148,True,0.952
53.62385,39,684.828609,True,0.952
59.348364,18,687.581438,True,0.952
62.622524,31,692.266014,True,0.952
57.309488,51,699.930587,True,0.952
55.345844,14,702.021848,True,0.952
54.345635,13,703.961719,True,0.952
57.500672,65,713.579137,True,0.952
62.016472,28,717.787613,True,0.952
56.122517,20,720.823595,True,0.952
61.998297,29,725.225824,True,0.952
59.513049,22,728.467123,True,0.952
67.154379,39,734.20027,True,0.952
55.389777,11,735.846629,True,0.952
62.558897,45,742.431788,True,0.952
53.410268,8,743.628193,True,0.952
60.965202,21,746.731781,True,0.952
54.85384,13,748.663362,True,0.952
54.952466,11,750.304197,True,0.952
64.943202,36,755.593694,True,0.952
54.971249,14,757.674009,True,0.952
58.613654,28,761.805919,True,0.952
58.59584,29,766.069215,True,0.952
64.619527,31,770.654296,True,0.952
56.009362,14,772.746058,True,0.952
61.554808,55,780.799258,True,0.954
54.483216,10,782.295208,True,0.954
61.599379,25,786.050775,True,0.954
52.630652,33,790.93463,True,0.954
61.190728,25,794.623195,True,0.954
63.924635,31,799.214342,True,0.954
58.828966,19,802.021857,True,0.954
63.566097,31,806.601907,True,0.954
57.199305,16,808.975642,True,0.954
55.061963,52,816.579771,True,0.954
60.389448,25,820.275675,True,0.954
51.3946,53,828.109665,True,0.954
57.350163,18,830.845785,True,0.954
62.486458,26,834.827152,True,0.954
60.494705,23,838.294391,True,0.954
58.352115,19,841.237225,True,0.954
64.959977,33,846.228724,True,0.954
60.831605,22,849.511229,True,0.954
63.469331,30,853.97637,True,0.954
56.849318,18,856.668142,True,0.954
58.617036,21,859.817788,True,0.954
58.582213,23,863.248145,True,0.954
56.827993,13,865.203854,True,0.954
65.922588,67,875.11664,True,0.954
53.409094,8,876.330771,True,0.954
54.00215,10,877.840297,True,0.954
55.736795,62,887.034278,True,0.954
61.895576,30,891.496078,True,0.954
61.908123,25,895.182493,True,0.954
64.387186,32,899.902123,True,0.954
59.427734,70,910.203724,True,0.954
62.251754,27,914.220969,True,0.954
61.45333,24,918.090292,True,0.954
61.372061,23,921.525066,True,0.954
57.516996,70,931.911755,True,0.954
62.073938,27,943.356167,True,0.954
62.674684,31,947.974394,True,0.954
62.064098,26,951.869107,True,0.954
61.526144,29,956.30686,True,0.954
66.720928,39,962.281189,True,0.954
61.560382,68,972.662802,True,0.954
59.357323,21,975.921894,True,0.954
64.081795,79,987.974838,True,0.954
63.624113,29,992.420573,True,0.954
61.053075,24,996.119184,True,0.954
58.268704,21,999.348561,True,0.954
60.877271,57,1008.046123,True,0.954
64.159463,30,1012.648464,True,0.954
54.598896,9,1014.054426,True,0.954
55.748868,43,1020.619344,True,0.954
58.225111,18,1023.395706,True,0.954
56.491169,15,1025.712152,True,0.954
64.005136,55,1033.9867,True,0.954
64.816026,52,1041.7083,True,0.954
59.616492,22,1045.040204,True,0.954
57.601666,16,1047.446784,True,0.954
60.487764,23,1050.926684,True,0.954
56.462035,13,1052.915779,True,0.954
59.723826,66,1062.78628,True,0.954
64.676561,31,1067.433079,True,0.954
61.18631,45,1074.191602,True,0.954
53.911008,9,1075.565603,True,0.954
63.10555,27,1079.60325,True,0.954
62.124121,25,1083.338451,True,0.954
54.10509,13,1085.305312,True,0.954
56.82018,23,1088.749285,True,0.954
63.745962,33,1093.666405,True,0.954
57.722718,19,1096.541722,True,0.954
59.067049,22,1099.885539,True,0.954
62.057159,28,1104.134771,True,0.954
59.376835,27,1108.224998,True,0.954
63.923883,31,1112.957479,True,0.954
63.594234,31,1117.651315,True,0.954
55.354804,11,1119.322027,True,0.954
59.224569,19,1122.217517,True,0.954
62.116333,26,1126.146883,True,0.954
62.311616,54,1134.20931,True,0.954
58.82561,22,1137.522819,True,0.954
62.272363,28,1141.74493,True,0.954
54.72713,13,1143.733913,True,0.954
52.629348,5,1144.520302,True,0.956
55.236229,10,1146.279748,True,0.956
62.234965,27,1150.516941,True,0.956
58.836095,22,1154.273188,True,0.956
63.195316,29,1158.645655,True,0.956
61.617782,23,1162.098902,True,0.956
57.799495,58,1170.78385,True,0.956
55.158993,13,1172.783385,True,0.956
59.924922,25,1176.559889,True,0.956
61.137978,40,1182.527027,True,0.956
60.013311,21,1185.701512,True,0.956
59.568751,19,1188.571753,True,0.956
59.457827,23,1192.055394,True,0.956
60.027118,19,1194.936435,True,0.956
55.445622,17,1197.52312,True,0.956
60.096117,26,1201.518013,True,0.956
53.700278,42,1208.113735,True,0.956
58.323569,19,1211.039127,True,0.956
60.178154,24,1214.726647,True,0.956
53.900314,17,1217.300309,True,0.956
59.096107,21,1220.490696,True,0.956
55.428056,12,1222.329994,True,0.956
62.95608,29,1226.719907,True,0.956
54.937053,63,1236.170503,True,0.956
59.277309,20,1239.197897,True,0.956
63.964008,31,1243.871945,True,0.956
53.680242,61,1260.272771,True,0.956
59.981711,22,1263.640404,True,0.956
54.70141,12,1265.486225,True,0.956
54.804941,14,1267.63306,True,0.956
58.840631,17,1270.243599,True,0.956
64.182026,41,1276.472614,True,0.956
58.44527,82,1288.895076,True,0.956
61.494777,25,1292.745828,True,0.956
58.132091,57,1301.365923,True,0.956
63.012059,67,1311.448866,True,0.956
59.460124,22,1314.795354,True,0.956
59.749997,28,1319.044894,True,0.956
60.411494,22,1322.384171,True,0.956
54.67572,52,1330.218034,True,0.956
63.520375,32,1335.098159,True,0.956
61.369363,27,1339.257332,True,0.956
61.181407,22,1342.610826,True,0.956
54.323368,15,1344.919656,True,0.956
60.505585,24,1348.509636,True,0.956
55.503358,12,1350.363498,True,0.956
50.311821,1,1350.553199,True,0.956
54.142916,11,1352.279989,True,0.956
63.707236,31,1357.074975,True,0.956
59.135309,25,1360.945925,True,0.956
