#{"t_start": 1776442224.6772554, "env_id": "None"}
r,l,t,is_success,fusion_alpha
-15.938592,31,4.691179,False,0.95
-14.279825,31,8.962519,False,0.95
58.512984,17,11.371284,True,0.95
-18.137826,31,15.642007,False,0.95
-15.358485,31,19.901145,False,0.95
-18.295677,31,24.151113,False,0.95
56.997356,14,26.144937,True,0.95
59.476283,18,28.689589,True,0.95
-0.765633,31,32.947595,False,0.95
-11.771908,31,37.20521,False,0.95
-14.290113,31,41.443879,False,0.95
55.103989,12,43.158653,True,0.95
-6.634977,31,47.407487,False,0.95
-7.42537,31,51.658388,False,0.95
-15.988617,31,55.940631,False,0.95
53.122353,8,57.088475,True,0.95
-6.436329,31,61.33048,False,0.95
-19.669209,31,65.583473,False,0.95
62.118804,25,69.064497,True,0.95
55.364042,13,70.904976,True,0.95
-3.464818,31,75.219537,False,0.95
-0.815493,31,79.480378,False,0.95
58.986855,17,81.886134,True,0.95
-5.143053,31,86.147275,False,0.95
57.654359,15,88.274579,True,0.95
-6.978809,31,92.550239,False,0.95
-25.235991,31,96.813284,False,0.95
-14.200567,31,101.086203,False,0.95
-12.366995,31,105.497484,False,0.95
55.540279,11,107.118983,True,0.95
-6.963759,31,111.575517,False,0.95
-5.188896,31,116.031898,False,0.95
57.119902,14,118.106598,True,0.95
-16.352177,32,122.711458,False,0.95
-24.900697,31,127.152873,False,0.95
-15.97784,31,131.516455,False,0.95
-22.603862,31,135.772248,False,0.95
-7.605866,31,140.045584,False,0.95
-25.666696,31,144.315885,False,0.95
-14.597552,32,148.752449,False,0.95
-25.47887,31,153.022405,False,0.95
-1.077131,31,157.30227,False,0.95
53.64408,7,158.31165,True,0.95
-17.360019,31,162.596054,False,0.95
53.777283,10,164.030491,True,0.95
60.006739,19,166.721286,True,0.95
-23.606977,31,171.002263,False,0.95
56.625535,14,173.007167,True,0.95
0.334612,31,177.300395,False,0.95
-8.143977,31,181.576986,False,0.95
57.326344,14,183.5794,True,0.95
-8.358456,31,187.856371,False,0.95
-10.349117,31,192.133387,False,0.95
-12.058962,31,196.418067,False,0.95
-1.139148,31,200.700008,False,0.95
60.916354,22,203.816894,True,0.95
-11.381639,31,208.091431,False,0.95
-2.918935,31,212.397752,False,0.95
-7.50324,31,216.682824,False,0.95
57.552939,17,219.095833,True,0.95
-2.249655,31,223.470408,False,0.95
54.086704,9,224.824435,True,0.95
-23.156037,31,229.258363,False,0.95
-21.23089,31,233.612254,False,0.95
-7.750039,31,237.905106,False,0.95
-20.968492,31,242.197551,False,0.95
60.700579,25,245.719512,True,0.95
-6.469799,31,250.016818,False,0.95
-17.224823,31,254.304902,False,0.95
0.984021,31,258.610215,False,0.95
-12.350696,31,262.936134,False,0.95
58.948864,17,265.354458,True,0.95
60.978019,22,268.487968,True,0.95
-10.91038,31,272.799545,False,0.95
-21.912867,31,277.094639,False,0.95
-7.596964,31,281.395061,False,0.95
-11.357389,31,285.693215,False,0.95
-25.626589,31,294.163489,False,0.95
-1.188096,31,298.466884,False,0.95
-21.848134,31,302.768416,False,0.95
-11.838422,31,307.064775,False,0.95
-13.065091,31,311.372228,False,0.95
-13.682875,31,315.674638,False,0.95
60.557781,20,318.524602,True,0.95
0.292008,31,322.832688,False,0.95
-7.772587,31,327.126043,False,0.95
-5.552772,31,331.428677,False,0.95
-1.152343,31,335.734486,False,0.95
-11.027172,31,340.045402,False,0.95
60.000025,19,342.748836,True,0.95
-10.783435,31,347.064424,False,0.95
60.853771,22,350.195674,True,0.95
-5.761586,31,354.505681,False,0.95
-14.632714,31,359.013632,False,0.95
-4.213154,31,363.398182,False,0.95
-24.080936,31,367.742338,False,0.95
-23.982738,31,372.080974,False,0.95
-13.193544,31,376.436089,False,0.95
-0.921805,31,380.80259,False,0.95
-25.326144,31,385.185047,False,0.95
-5.078475,31,389.51452,False,0.95
50.498885,2,389.840495,True,0.95
-3.840726,31,394.223056,False,0.95
49.752136,1,394.388659,True,0.95
-5.812841,31,398.72841,False,0.95
-13.009027,31,403.105777,False,0.95
-10.558499,31,407.435113,False,0.95
-15.275826,31,411.770583,False,0.95
-0.278229,31,416.137555,False,0.95
-24.311736,31,420.484038,False,0.95
-5.876304,31,424.620829,False,0.95
53.991532,11,426.19835,True,0.95
-22.538717,31,430.528014,False,0.95
-25.127161,31,434.875898,False,0.95
59.234665,18,437.460004,True,0.95
61.25772,22,440.605347,True,0.95
-8.395407,31,444.934151,False,0.95
52.588517,5,445.663406,True,0.95
56.972341,14,447.694229,True,0.95
-11.863758,31,452.019423,False,0.95
-2.299864,31,456.353672,False,0.95
-2.299428,31,460.770883,False,0.95
-5.612556,31,465.09183,False,0.95
-8.9279,31,469.425707,False,0.95
58.327881,16,471.742369,True,0.95
49.514729,1,471.910022,True,0.95
58.96975,17,474.351677,True,0.95
-25.311828,31,478.674794,False,0.95
-22.45547,31,482.989719,False,0.95
53.104736,6,483.873946,True,0.95
1.025151,31,488.21593,False,0.95
-0.54954,31,492.546731,False,0.95
-3.016141,31,496.885154,False,0.95
-20.935518,31,501.235506,False,0.95
-24.362306,31,505.566763,False,0.95
56.024531,13,507.439972,True,0.95
54.727537,9,508.740044,True,0.95
54.595212,9,510.051413,True,0.95
-7.954544,31,514.388643,False,0.95
-8.997132,31,518.726357,False,0.95
-8.487037,31,523.064325,False,0.95
54.63546,9,524.366905,True,0.95
-8.41213,31,528.704492,False,0.95
57.749415,15,530.859889,True,0.95
-10.262554,31,535.194843,False,0.95
-9.248668,31,539.523032,False,0.95
-10.9415,31,543.86849,False,0.95
-1.869428,31,548.274894,False,0.95
61.614482,22,551.429471,True,0.95
60.485235,22,554.619124,True,0.95
-2.805614,31,559.112624,False,0.95
-0.651867,31,563.618461,False,0.95
61.049409,21,566.757895,True,0.95
-5.371703,31,571.247974,False,0.95
57.219018,15,573.485086,True,0.95
49.551675,1,573.661661,True,0.95
-1.62751,31,578.192384,False,0.95
55.365929,12,584.226867,True,0.95
-4.780291,31,588.710515,False,0.95
-4.819214,31,592.969661,False,0.95
-6.165019,31,597.467126,False,0.95
-16.690637,31,601.960662,False,0.95
-1.642705,31,606.503679,False,0.95
55.183104,10,608.020689,True,0.95
-8.388428,31,612.519272,False,0.95
54.174317,10,614.038686,True,0.95
-3.674128,31,618.550731,False,0.95
-5.917629,31,623.058751,False,0.95
-14.557844,31,627.555421,False,0.95
53.657508,8,628.776324,True,0.95
-4.861057,32,633.442081,False,0.95
54.107331,8,634.661995,True,0.95
-17.035506,31,639.151955,False,0.95
-9.379098,31,643.650167,False,0.95
-25.411853,31,648.124505,False,0.95
-2.08375,31,652.633668,False,0.95
62.056537,23,656.044611,True,0.95
-6.580261,31,660.547796,False,0.95
-9.071537,31,665.038636,False,0.95
-8.029995,31,669.54428,False,0.95
-25.578393,31,674.030527,False,0.95
58.649039,20,677.023422,True,0.95
-5.865893,31,681.522145,False,0.95
-24.112616,31,686.01114,False,0.95
61.605192,22,689.278199,True,0.95
-13.864338,31,693.768301,False,0.95
-24.958313,31,698.260759,False,0.95
-8.352654,31,702.743745,False,0.95
58.025143,16,705.13712,True,0.95
56.900958,14,707.232921,True,0.95
-12.503746,31,711.733362,False,0.95
55.533974,11,713.384324,True,0.95
56.699736,14,715.483533,True,0.95
-1.467475,31,720.012926,False,0.95
-1.844826,31,724.525813,False,0.95
-6.42738,31,729.041533,False,0.95
-23.532055,32,733.705923,False,0.95
57.12228,17,736.238568,True,0.95
53.932674,11,737.894755,True,0.95
-12.946437,31,742.39082,False,0.95
-13.078063,31,746.901736,False,0.95
-15.388671,31,751.396617,False,0.95
-1.234836,31,755.934537,False,0.95
-4.254546,31,760.217608,False,0.95
-22.549098,31,764.706529,False,0.95
-20.424879,31,769.21315,False,0.95
-2.711942,31,773.723646,False,0.95
-21.303354,31,778.235935,False,0.95
-4.688271,31,782.773458,False,0.95
-7.154612,31,787.294007,False,0.95
-0.83105,31,791.827754,False,0.95
-1.482223,31,796.358764,False,0.95
-7.677895,31,800.846997,False,0.95
56.049698,12,802.649658,True,0.95
-8.813965,31,807.157079,False,0.95
-8.319292,31,811.66094,False,0.95
-23.607694,31,816.167262,False,0.95
60.725576,21,819.287734,True,0.95
54.133666,9,820.648408,True,0.95
-24.400436,31,825.146031,False,0.95
58.436135,16,827.551013,True,0.95
-23.195824,31,832.047296,False,0.95
60.927141,23,835.463746,True,0.95
-24.291336,31,839.958369,False,0.95
-0.036834,31,844.475111,False,0.95
57.866863,15,846.728018,True,0.95
-8.143724,31,851.254336,False,0.95
61.027325,21,854.374634,True,0.95
-17.593334,31,858.87531,False,0.95
-14.426318,31,863.375488,False,0.95
-7.531351,31,867.879782,False,0.95
53.814621,8,869.100559,True,0.95
-5.122326,31,873.630532,False,0.95
-24.194434,31,878.131542,False,0.95
-15.561753,31,886.804687,False,0.95
-23.051662,31,891.302341,False,0.95
56.268267,13,893.250707,True,0.95
-8.593245,31,897.761411,False,0.95
52.921588,6,898.685511,True,0.95
-12.596651,31,903.195767,False,0.95
-9.825099,31,907.704453,False,0.95
62.555961,24,911.244892,True,0.95
-15.741012,31,915.624377,False,0.95
-13.327959,31,920.020645,False,0.95
-22.654712,31,924.392748,False,0.95
-21.959552,31,928.814669,False,0.95
59.482843,18,931.428148,True,0.95
-1.650526,31,935.829469,False,0.95
57.378298,14,937.865188,True,0.95
-11.513952,31,942.215663,False,0.95
-10.831126,31,946.572711,False,0.95
56.240815,15,948.740511,True,0.95
0.655718,31,953.155349,False,0.95
0.884251,31,957.574939,False,0.95
-1.771305,31,962.028231,False,0.95
-24.348211,31,966.377768,False,0.95
-25.764088,31,970.731678,False,0.95
-14.285679,31,975.088487,False,0.95
-5.960511,31,979.449407,False,0.95
-13.238101,31,983.845251,False,0.95
-2.452162,31,988.236532,False,0.95
-20.131605,31,992.681819,False,0.95
-11.536385,31,997.071329,False,0.95
59.422174,18,999.702158,True,0.95
-2.755068,31,1004.052311,False,0.95
-23.938782,31,1008.418266,False,0.95
-14.665448,31,1012.767998,False,0.95
-6.408673,31,1017.126661,False,0.95
55.598549,13,1019.016416,True,0.95
58.602886,19,1021.754583,True,0.95
-1.042282,31,1026.115965,False,0.95
62.190563,24,1029.567642,True,0.95
59.364931,19,1032.30166,True,0.95
-21.265684,31,1036.664737,False,0.95
-13.314461,31,1041.033435,False,0.95
-4.320773,31,1045.408231,False,0.95
-11.950916,31,1049.764679,False,0.95
-12.050237,31,1054.13716,False,0.95
60.514385,20,1057.091103,True,0.95
62.003001,26,1060.810088,True,0.95
-7.338835,31,1065.17485,False,0.95
1.787695,31,1069.547501,False,0.95
54.797995,10,1071.014389,True,0.95
58.949118,17,1073.474427,True,0.95
-9.420397,31,1077.841187,False,0.95
-9.521531,31,1082.199132,False,0.95
54.067607,12,1083.955947,True,0.95
-0.436915,31,1088.324198,False,0.95
61.067338,21,1091.339409,True,0.95
56.024315,14,1093.375703,True,0.95
-25.305171,31,1097.734462,False,0.95
59.991694,19,1100.477376,True,0.95
52.570413,5,1101.22587,True,0.95
-7.478733,31,1105.610701,False,0.95
-24.030069,31,1109.974241,False,0.95
-12.308779,31,1114.352432,False,0.95
-24.887329,31,1118.724263,False,0.95
-11.670195,31,1123.213714,False,0.95
-6.601503,31,1127.732568,False,0.95
-2.309265,31,1132.254448,False,0.95
0.580513,31,1136.785732,False,0.95
59.460254,18,1139.505511,True,0.95
-16.75516,31,1144.029574,False,0.95
-2.173144,31,1148.437361,False,0.95
-1.459734,31,1152.972429,False,0.95
-4.19531,31,1157.53394,False,0.95
-15.277257,31,1162.064006,False,0.95
-2.803855,31,1166.493242,False,0.95
62.114918,24,1170.081722,True,0.95
56.941722,14,1172.193937,True,0.95
-17.831661,31,1176.718191,False,0.95
-25.053852,31,1185.451006,False,0.95
-21.275676,31,1189.87705,False,0.95
-3.439154,31,1194.309687,False,0.95
52.587066,5,1195.060067,True,0.95
1.224735,31,1199.487147,False,0.95
-14.321629,31,1203.883458,False,0.95
-5.072316,31,1208.264653,False,0.95
-7.2604,31,1212.649456,False,0.95
-10.587641,31,1217.030607,False,0.95
-24.607466,31,1221.536038,False,0.95
55.399979,11,1223.195402,True,0.95
-0.845865,31,1227.841748,False,0.95
-1.424861,31,1232.229889,False,0.95
57.362228,15,1234.407114,True,0.95
59.943311,19,1237.152891,True,0.95
-3.992982,31,1241.348346,False,0.95
55.968697,14,1243.393588,True,0.95
-3.576202,31,1247.783842,False,0.95
-9.331606,31,1252.181362,False,0.95
-8.080587,31,1256.573123,False,0.95
55.758078,11,1258.185329,True,0.95
60.92332,23,1261.507636,True,0.95
-4.994527,31,1265.88467,False,0.95
60.458581,20,1268.79061,True,0.95
58.988902,17,1271.257638,True,0.95
0.279866,31,1275.648976,False,0.95
-19.290464,31,1280.038284,False,0.95
-1.327427,31,1284.424534,False,0.95
-10.860598,31,1288.81714,False,0.95
56.762111,15,1291.004676,True,0.95
-1.821817,31,1295.390212,False,0.95
61.616532,23,1298.707948,True,0.95
-6.801661,31,1303.101603,False,0.95
-0.691743,31,1307.517281,False,0.95
-25.309876,31,1311.894629,False,0.95
55.77621,12,1313.650137,True,0.95
-6.083133,31,1318.038844,False,0.95
-7.614938,31,1322.437126,False,0.95
-0.370256,31,1326.817156,False,0.95
-2.273229,31,1331.212189,False,0.95
53.500433,11,1332.811434,True,0.95
-4.315393,31,1337.197656,False,0.95
-13.82648,31,1341.573065,False,0.95
-22.155633,31,1345.955384,False,0.95
55.751486,11,1347.64545,True,0.95
-6.282258,31,1352.13983,False,0.95
-15.188531,31,1356.518571,False,0.95
-11.794372,31,1360.900479,False,0.95
-2.117277,31,1365.286603,False,0.95
59.379723,18,1367.909559,True,0.95
52.81531,7,1368.931171,True,0.95
-24.307762,31,1373.310373,False,0.95
57.818407,15,1375.488151,True,0.95
-25.671753,31,1379.871079,False,0.95
-8.778448,31,1384.264512,False,0.95
-4.219163,31,1388.648865,False,0.95
-4.497785,31,1392.794822,False,0.95
55.085533,13,1394.68547,True,0.95
-9.987268,31,1399.081844,False,0.95
-2.785167,31,1403.480304,False,0.95
-4.760381,31,1407.633306,False,0.95
-8.727275,31,1412.00863,False,0.95
59.771125,19,1414.764565,True,0.95
61.545652,22,1417.949525,True,0.95
-0.293566,31,1422.354761,False,0.95
-21.829014,31,1426.737167,False,0.95
-24.76774,31,1431.121211,False,0.95
-2.483108,31,1435.594952,False,0.95
-6.075605,31,1439.989743,False,0.95
-14.094926,31,1444.375063,False,0.95
-1.863643,31,1448.783045,False,0.95
-25.612815,31,1453.164892,False,0.95
-0.708054,31,1457.57262,False,0.95
-0.771772,31,1461.977306,False,0.95
-19.336132,31,1466.37238,False,0.95
-10.001349,31,1470.772536,False,0.95
57.675193,16,1473.197245,True,0.95
-10.659026,31,1481.94354,False,0.95
55.162384,10,1483.691909,True,0.95
59.112501,18,1486.519623,True,0.95
-12.852444,31,1490.915954,False,0.95
-2.668419,31,1495.31004,False,0.95
-0.394804,31,1499.716569,False,0.95
-9.004082,31,1504.116123,False,0.95
-0.189334,31,1508.518124,False,0.95
-6.012616,31,1512.902595,False,0.95
-8.720476,32,1517.468176,False,0.95
-3.420418,31,1521.696368,False,0.95
-10.352007,31,1526.084908,False,0.95
-25.250839,31,1530.475363,False,0.95
-12.210294,31,1534.866774,False,0.95
59.058861,20,1537.791001,True,0.95
-11.337793,31,1542.194342,False,0.95
-8.544573,31,1546.593652,False,0.95
55.682691,11,1548.196114,True,0.95
56.290033,15,1550.37973,True,0.95
-24.500942,31,1554.774446,False,0.95
-2.060083,31,1559.198688,False,0.95
-21.600534,31,1563.593529,False,0.95
-10.670724,31,1567.992016,False,0.95
-9.951954,31,1572.392283,False,0.95
-14.099966,31,1576.79595,False,0.95
-11.151206,31,1581.186355,False,0.95
-24.800559,31,1585.67003,False,0.95
52.816053,6,1586.57562,True,0.95
-4.176287,31,1591.037791,False,0.95
58.45179,17,1593.526711,True,0.95
-13.783761,32,1598.095335,False,0.95
-3.594904,31,1602.491129,False,0.95
53.034377,7,1603.526575,True,0.95
-9.684236,31,1608.036697,False,0.95
-22.25679,31,1612.434602,False,0.95
-0.46192,31,1616.843357,False,0.95
-19.795929,31,1621.252435,False,0.95
-11.600704,31,1625.666735,False,0.95
55.986537,13,1627.57315,True,0.95
57.410818,15,1629.764877,True,0.95
-4.576902,31,1634.174521,False,0.95
57.767326,17,1636.656283,True,0.95
-2.205855,31,1641.088904,False,0.95
-3.581845,31,1645.496441,False,0.95
-12.77423,31,1649.905495,False,0.95
-10.17959,31,1654.310205,False,0.95
62.801821,26,1658.098239,True,0.95
-21.490536,31,1662.521068,False,0.95
-14.124334,31,1666.951031,False,0.95
-4.949395,31,1671.198521,False,0.95
0.324841,31,1675.629631,False,0.95
-0.612157,31,1680.061452,False,0.95
-0.564529,31,1684.477657,False,0.95
-4.314694,32,1689.077491,False,0.95
-2.044073,31,1693.47357,False,0.95
-6.635123,31,1697.866698,False,0.95
59.027328,18,1700.49381,True,0.95
-24.329777,31,1704.882875,False,0.95
-2.300988,31,1709.391085,False,0.95
-4.167737,31,1713.796921,False,0.95
-18.662627,31,1718.188093,False,0.95
-1.534851,31,1722.58675,False,0.95
-25.154152,31,1726.990572,False,0.95
-25.795673,31,1731.380455,False,0.95
54.166422,8,1732.565055,True,0.95
-24.612147,31,1736.957876,False,0.95
-0.885819,31,1741.372221,False,0.95
49.490662,1,1741.542954,True,0.95
-7.637075,31,1745.948913,False,0.95
58.090159,17,1748.426707,True,0.95
-0.584652,31,1752.841182,False,0.95
-19.3218,31,1757.238717,False,0.95
-11.380427,31,1761.640526,False,0.95
-25.31374,31,1766.031367,False,0.95
-4.77786,31,1770.461886,False,0.95
-5.193792,31,1778.586501,False,0.95
-21.515426,31,1782.980004,False,0.95
-7.206444,31,1787.381041,False,0.95
-7.688117,31,1791.792838,False,0.95
53.378289,7,1792.82925,True,0.95
55.947055,12,1794.589435,True,0.95
-13.711923,31,1798.987897,False,0.95
-15.905857,31,1803.442415,False,0.95
-2.742862,31,1807.881412,False,0.95
61.06908,21,1810.936155,True,0.95
-4.807569,31,1815.361189,False,0.95
-5.45276,31,1819.793323,False,0.95
62.319663,25,1823.40573,True,0.95
-24.742528,31,1827.810059,False,0.95
-12.878992,31,1832.219652,False,0.95
0.716902,31,1836.651175,False,0.95
-2.86158,31,1841.067998,False,0.95
-8.606953,31,1845.47675,False,0.95
-6.355741,31,1849.900102,False,0.95
57.844724,15,1852.096995,True,0.95
-3.140548,31,1856.514947,False,0.95
52.589008,5,1857.262212,True,0.95
58.398802,16,1859.623894,True,0.95
60.003847,19,1862.396844,True,0.95
-21.440454,31,1866.805568,False,0.95
57.344646,14,1868.86731,True,0.95
-24.851759,31,1873.278234,False,0.95
-4.256894,31,1877.465472,False,0.95
-4.520909,31,1881.878654,False,0.95
-3.37049,31,1886.298818,False,0.95
-25.313288,31,1890.714991,False,0.95
-9.517597,31,1895.135037,False,0.95
-2.711963,31,1899.433588,False,0.95
-23.60864,31,1903.848946,False,0.95
56.963409,15,1906.044638,True,0.95
-1.187864,31,1910.497298,False,0.95
56.647853,13,1912.403455,True,0.95
-3.826107,31,1916.679056,False,0.95
-11.702942,31,1921.093094,False,0.95
0.741193,31,1925.525664,False,0.95
58.858591,19,1928.305022,True,0.95
59.784373,20,1931.237686,True,0.95
-9.323317,31,1935.670804,False,0.95
57.834012,16,1938.033972,True,0.95
-13.667463,31,1942.444894,False,0.95
-15.913623,31,1946.861623,False,0.95
56.315594,13,1948.773851,True,0.95
53.942074,8,1949.972615,True,0.95
59.425663,18,1952.614751,True,0.95
-6.787953,31,1957.043797,False,0.95
-3.040658,31,1961.486961,False,0.95
-12.659705,31,1966.021495,False,0.95
56.751245,15,1968.287469,True,0.95
-2.056648,31,1972.725612,False,0.95
-5.74163,31,1977.162794,False,0.95
-24.098327,31,1981.596693,False,0.95
-4.912126,32,1986.193918,False,0.95
57.36028,14,1988.259988,True,0.95
-3.024584,31,1992.702052,False,0.95
-13.421139,31,1997.122348,False,0.95
-22.957394,31,2001.553945,False,0.95
50.400056,2,2001.879292,True,0.95
-0.271371,31,2006.310411,False,0.95
-14.122602,31,2010.722266,False,0.95
-13.367145,31,2015.14529,False,0.95
-1.881109,31,2019.578746,False,0.95
-1.029003,31,2024.040628,False,0.95
-7.811316,31,2028.462697,False,0.95
-23.225839,31,2032.883219,False,0.95
-2.862068,31,2037.297776,False,0.95
-22.041879,31,2041.729451,False,0.95
-15.456058,31,2046.15685,False,0.95
-23.080631,31,2050.579044,False,0.95
-12.701536,31,2055.005753,False,0.95
-4.803066,31,2059.433357,False,0.95
-4.276059,31,2063.668039,False,0.95
-1.79579,31,2072.283212,False,0.95
-3.576103,31,2076.716165,False,0.95
-23.676365,31,2081.135527,False,0.95
-8.549607,31,2085.565427,False,0.95
-5.518247,31,2089.993941,False,0.95
-23.49347,31,2094.404754,False,0.95
-2.344947,31,2098.864295,False,0.95
-15.382965,31,2103.293082,False,0.95
55.139148,10,2104.780494,True,0.95
59.481904,18,2107.521554,True,0.95
-7.275714,31,2112.096826,False,0.95
60.500058,21,2115.27539,True,0.95
-9.730615,31,2119.868216,False,0.95
57.563671,15,2122.148483,True,0.95
56.093923,14,2124.292519,True,0.95
-4.976186,31,2128.876239,False,0.95
-1.817615,31,2133.533059,False,0.95
49.522174,1,2133.710409,True,0.95
61.511083,22,2137.057315,True,0.95
-11.812016,31,2141.636843,False,0.95
57.753538,16,2144.082721,True,0.95
-1.687439,31,2148.677871,False,0.95
57.252782,14,2150.82466,True,0.95
-11.843481,31,2155.407701,False,0.95
-9.29393,31,2159.988459,False,0.95
-2.699625,31,2164.448833,False,0.95
-20.192032,31,2169.034926,False,0.95
-1.767019,31,2173.636162,False,0.95
-4.157907,31,2178.246891,False,0.95
56.028723,12,2180.096089,True,0.95
59.654279,19,2183.022816,True,0.95
56.578563,14,2185.205592,True,0.95
-13.514742,31,2189.797181,False,0.95
-22.463956,31,2194.393395,False,0.95
-1.863114,32,2199.201958,False,0.95
-13.500783,31,2203.801348,False,0.95
-13.351068,31,2208.403595,False,0.95
-17.482307,31,2212.997362,False,0.95
-5.797007,31,2217.586541,False,0.95
-2.068187,31,2222.183188,False,0.95
61.696961,25,2225.954865,True,0.95
0.276194,31,2230.582083,False,0.95
57.960667,16,2233.033275,True,0.95
58.555283,17,2235.631768,True,0.95
-15.503162,31,2240.224709,False,0.95
60.325771,21,2243.404844,True,0.95
-6.160097,31,2247.999917,False,0.95
52.550975,5,2248.780158,True,0.95
-19.366685,31,2253.37344,False,0.95
-25.323351,31,2257.976032,False,0.95
58.941345,19,2260.853914,True,0.95
56.320152,13,2262.835658,True,0.95
0.895844,31,2267.441265,False,0.95
-13.800781,31,2272.038233,False,0.95
-8.39513,31,2276.633279,False,0.95
-11.318244,31,2281.225708,False,0.95
59.97755,20,2284.267436,True,0.95
-1.470758,31,2288.878798,False,0.95
-1.561501,31,2293.474953,False,0.95
61.108102,21,2296.666384,True,0.95
0.552335,31,2301.271596,False,0.95
53.614341,7,2302.357986,True,0.95
61.541438,22,2305.73703,True,0.95
-13.570863,31,2310.336571,False,0.95
-2.311442,31,2314.962385,False,0.95
-4.568562,31,2319.567024,False,0.95
-25.27035,31,2324.160398,False,0.95
53.033667,6,2325.100688,True,0.95
-8.097505,32,2329.876449,False,0.95
59.946192,20,2332.9198,True,0.95
56.830528,13,2334.865694,True,0.95
-1.669881,31,2339.355297,False,0.95
62.18064,25,2343.000246,True,0.95
0.350206,31,2347.46394,False,0.95
-5.045073,31,2351.653901,False,0.95
55.803984,12,2353.429479,True,0.95
-7.409589,31,2357.87028,False,0.95
-25.517873,31,2362.308825,False,0.95
52.853025,6,2363.219368,True,0.95
-8.858291,31,2367.660149,False,0.95
-4.376641,31,2372.119301,False,0.95
-24.004495,31,2380.610441,False,0.95
-24.723313,31,2385.043546,False,0.95
58.849508,18,2387.694668,True,0.95
-5.703929,31,2391.892343,False,0.95
-23.537905,31,2396.323835,False,0.95
-1.855532,31,2400.776127,False,0.95
-24.530312,31,2405.206819,False,0.95
-24.34643,31,2409.654591,False,0.95
-8.756968,31,2414.112939,False,0.95
62.113789,23,2417.48067,True,0.95
58.617175,18,2420.13523,True,0.95
-3.825381,31,2424.590502,False,0.95
-2.739663,31,2428.913342,False,0.95
53.024948,6,2429.828284,True,0.95
-24.799453,31,2434.275119,False,0.95
58.206383,17,2436.778174,True,0.95
-22.989376,31,2441.215099,False,0.95
58.944787,17,2443.716191,True,0.95
53.674173,11,2445.35163,True,0.95
-12.500048,31,2449.794088,False,0.95
-4.864315,31,2454.257897,False,0.95
-5.428342,31,2458.719379,False,0.95
54.157169,8,2459.92671,True,0.95
-11.245635,31,2464.469788,False,0.95
55.781796,11,2466.16232,True,0.95
-9.153489,31,2470.766552,False,0.95
-5.746995,32,2475.561546,False,0.95
-1.389163,31,2480.159613,False,0.95
60.441852,20,2483.212404,True,0.95
62.083491,27,2487.278675,True,0.95
60.810883,21,2490.475181,True,0.95
-4.244182,31,2495.096943,False,0.95
58.839133,18,2497.855608,True,0.95
62.07528,23,2501.335119,True,0.95
-5.94876,31,2505.949231,False,0.95
-21.90941,31,2510.555183,False,0.95
-2.137721,31,2515.187665,False,0.95
55.501798,12,2517.043563,True,0.95
55.402034,11,2518.732707,True,0.95
-9.569445,31,2523.352332,False,0.95
-8.214966,31,2527.962855,False,0.95
60.034845,24,2531.617506,True,0.95
-24.396492,31,2536.219855,False,0.95
-25.591387,31,2540.824444,False,0.95
-9.484894,31,2545.422657,False,0.95
0.535746,31,2550.042829,False,0.95
-9.773245,31,2554.645267,False,0.95
-12.551568,31,2559.248631,False,0.95
54.018577,9,2560.641138,True,0.95
59.618199,19,2563.536137,True,0.95
-13.758435,31,2568.140309,False,0.95
53.561773,7,2569.221941,True,0.95
53.160035,8,2570.471822,True,0.95
58.97778,19,2573.36893,True,0.95
-8.0222,31,2577.974897,False,0.95
1.506521,31,2582.603507,False,0.95
-9.293799,31,2587.218117,False,0.95
58.727169,21,2590.409658,True,0.95
-25.317147,32,2595.198743,False,0.95
-15.27354,31,2599.806694,False,0.95
57.19731,15,2602.101878,True,0.95
59.444305,20,2605.167331,True,0.95
61.127863,21,2608.356665,True,0.95
-6.564112,31,2612.982655,False,0.95
-24.935592,31,2617.590009,False,0.95
-3.69867,31,2622.031844,False,0.95
57.010946,16,2624.490228,True,0.95
-2.895764,31,2629.096633,False,0.95
56.341419,14,2631.251694,True,0.95
-1.609777,31,2635.867316,False,0.95
-11.386191,31,2640.487484,False,0.95
60.935402,21,2643.678696,True,0.95
54.386309,10,2645.22485,True,0.95
60.953476,21,2648.414044,True,0.95
-1.751791,31,2653.038656,False,0.95
56.208951,13,2655.027091,True,0.95
-24.927886,31,2659.647897,False,0.95
-22.121004,31,2664.249397,False,0.95
-11.774486,31,2668.860854,False,0.95
-9.820192,32,2673.704714,False,0.95
-11.147195,31,2678.31911,False,0.95
-11.008814,31,2687.068325,False,0.95
-13.103362,31,2691.670328,False,0.95
-11.704848,31,2696.282601,False,0.95
56.032471,12,2698.141773,True,0.95
-1.90752,31,2702.751962,False,0.95
-0.055644,31,2707.375309,False,0.95
0.165185,31,2711.998677,False,0.95
56.310573,12,2713.851242,True,0.95
-0.754701,31,2718.466922,False,0.95
51.578295,4,2719.109962,True,0.95
-20.109425,31,2723.720706,False,0.95
-24.063497,31,2728.343451,False,0.95
52.624191,5,2729.125705,True,0.95
-23.376545,31,2733.737277,False,0.95
-13.478858,31,2738.366917,False,0.95
52.554698,5,2739.148109,True,0.95
-25.081134,31,2743.760453,False,0.95
-13.603315,31,2748.378987,False,0.95
-7.932836,31,2753.011041,False,0.95
-24.690859,31,2757.626482,False,0.95
-4.429925,31,2762.022798,False,0.95
53.211746,9,2763.413937,True,0.95
-4.49283,31,2767.825852,False,0.95
50.271465,1,2768.00594,True,0.95
56.170102,12,2769.871778,True,0.95
56.223568,14,2772.031913,True,0.95
-6.666906,31,2776.646621,False,0.95
-1.705523,31,2781.309644,False,0.95
-24.440129,32,2786.192731,False,0.95
56.33716,13,2788.198581,True,0.95
-6.342896,31,2792.89313,False,0.95
53.036548,6,2793.846337,True,0.95
-11.864649,31,2798.521319,False,0.95
-14.133387,32,2803.398491,False,0.95
-14.502779,31,2808.053007,False,0.95
-17.940181,31,2812.677838,False,0.95
-9.921308,31,2817.291723,False,0.95
-7.129414,31,2821.924039,False,0.95
-24.680368,31,2826.542907,False,0.95
-4.724052,31,2830.915447,False,0.95
54.802648,10,2832.469132,True,0.95
-5.781277,31,2836.835131,False,0.95
-25.279627,31,2841.44924,False,0.95
-22.50526,31,2846.070316,False,0.95
57.331134,17,2848.671629,True,0.95
0.460886,31,2853.392715,False,0.95
-3.051322,31,2858.026807,False,0.95
62.407855,24,2861.679115,True,0.95
-13.693968,31,2866.300156,False,0.95
57.551172,15,2868.594873,True,0.95
-9.131995,31,2873.222418,False,0.95
-1.99919,31,2877.874111,False,0.95
-4.350972,31,2882.293289,False,0.95
-7.906784,31,2886.91416,False,0.95
62.370906,27,2890.99273,True,0.95
62.12668,23,2894.496319,True,0.95
62.426861,24,2898.152902,True,0.95
60.493488,21,2901.361426,True,0.95
50.293417,1,2901.543768,True,0.95
-11.848556,31,2906.164195,False,0.95
-25.629518,31,2910.785829,False,0.95
56.079313,14,2912.933397,True,0.95
-14.892048,31,2917.560986,False,0.95
61.947414,23,2921.064496,True,0.95
61.86272,25,2924.843709,True,0.95
-1.909261,31,2929.54919,False,0.95
-11.268538,31,2934.170768,False,0.95
-10.457393,31,2938.795955,False,0.95
-13.33287,32,2943.584492,False,0.95
-11.7901,31,2948.209217,False,0.95
53.599854,8,2949.463084,True,0.95
52.603392,5,2950.240982,True,0.95
-21.745955,31,2954.874228,False,0.95
-13.930023,31,2959.500953,False,0.95
61.958588,23,2962.994242,True,0.95
-10.858099,31,2967.615031,False,0.95
62.121219,23,2971.119828,True,0.95
58.646867,17,2973.724594,True,0.95
-7.380387,31,2978.358549,False,0.95
-4.409418,31,2982.995996,False,0.95
-0.933316,31,2987.66433,False,0.95
-14.637606,31,2992.29627,False,0.95
50.469144,1,2992.474818,True,0.95
-7.29538,31,3001.308078,False,0.95
-10.995826,31,3005.930987,False,0.95
-12.360142,31,3010.566942,False,0.95
-23.080116,31,3015.194273,False,0.95
54.119702,9,3016.585186,True,0.95
52.974629,7,3017.676114,True,0.95
-18.689334,31,3022.315245,False,0.95
-3.145347,31,3027.007463,False,0.95
62.339801,24,3030.676109,True,0.95
57.532298,15,3032.986842,True,0.95
-25.059348,31,3037.632744,False,0.95
-2.794864,31,3042.297882,False,0.95
-25.121411,31,3046.941439,False,0.95
-8.192281,31,3051.576337,False,0.95
-14.653349,31,3056.210109,False,0.95
-4.453178,31,3060.841827,False,0.95
60.964958,21,3064.062116,True,0.95
53.301056,7,3065.16005,True,0.95
-9.988108,31,3069.794264,False,0.95
-14.617404,31,3074.434731,False,0.95
-19.658284,31,3079.057755,False,0.95
-8.42119,31,3083.702967,False,0.95
-11.7148,31,3088.334301,False,0.95
55.657995,12,3090.195909,True,0.95
-2.315502,31,3094.730043,False,0.95
-7.861338,31,3099.366059,False,0.95
-5.192098,31,3103.768385,False,0.95
54.515798,12,3105.630263,True,0.95
62.206996,27,3109.719845,True,0.95
-24.045798,31,3114.363474,False,0.95
58.946832,17,3116.982708,True,0.95
56.902838,15,3119.303045,True,0.95
-14.403205,31,3123.95595,False,0.95
-24.934856,31,3128.59303,False,0.95
-6.166462,31,3133.238401,False,0.95
-25.285695,31,3137.879182,False,0.95
59.664197,20,3140.97019,True,0.95
-8.333425,31,3145.611237,False,0.95
-8.796195,31,3150.253045,False,0.95
-2.216461,31,3154.92325,False,0.95
57.261622,14,3157.092527,True,0.95
-10.805391,31,3161.739825,False,0.95
-18.868664,31,3166.398823,False,0.95
-13.531412,31,3171.039072,False,0.95
-23.042266,31,3175.680901,False,0.95
60.370045,20,3178.76472,True,0.95
-23.808376,31,3183.411688,False,0.95
58.61282,19,3186.331914,True,0.95
-10.782267,31,3190.985982,False,0.95
-22.506947,31,3195.62571,False,0.95
53.544359,7,3196.713878,True,0.95
-3.689951,31,3201.21414,False,0.95
-5.186066,31,3205.629916,False,0.95
-4.008428,31,3210.28914,False,0.95
-1.432955,31,3214.982586,False,0.95
54.05071,8,3216.232607,True,0.95
-4.079765,31,3220.943229,False,0.95
-23.564633,31,3225.578762,False,0.95
-2.638588,31,3230.120053,False,0.95
-3.23126,31,3234.636376,False,0.95
-5.836999,32,3239.336081,False,0.95
-2.05755,31,3243.833214,False,0.95
56.187162,12,3245.64428,True,0.95
-10.139499,31,3250.178277,False,0.95
60.475963,20,3253.22059,True,0.95
-17.031511,31,3257.782911,False,0.95
-2.003612,31,3262.411899,False,0.95
-23.653424,31,3267.038614,False,0.95
-7.200252,31,3271.696851,False,0.95
-5.960001,31,3276.881696,False,0.95
-6.696534,31,3281.585403,False,0.95
-3.175544,31,3286.311785,False,0.95
-21.997878,31,3290.956195,False,0.95
-22.302424,31,3295.649471,False,0.95
-7.027296,31,3300.312175,False,0.95
59.568561,19,3303.260636,True,0.95
-2.3099,31,3312.479267,False,0.95
54.062298,8,3313.728815,True,0.95
-25.026004,31,3318.38524,False,0.95
59.774839,19,3321.303447,True,0.95
-1.588109,31,3326.117136,False,0.95
-8.988716,31,3330.91411,False,0.95
54.109403,8,3332.231716,True,0.95
62.126854,23,3335.665663,True,0.95
-23.45862,31,3340.173679,False,0.95
53.684138,7,3341.235862,True,0.95
61.066205,21,3344.352404,True,0.95
-7.018223,31,3348.864126,False,0.95
-2.465857,31,3353.384881,False,0.95
-1.110132,31,3357.968977,False,0.95
-0.936438,31,3362.536489,False,0.95
-1.979602,31,3367.098398,False,0.95
58.359175,18,3369.846084,True,0.95
-21.360696,31,3374.405437,False,0.95
-14.200668,31,3378.917579,False,0.95
59.226017,21,3382.040871,True,0.95
-22.302171,31,3386.65728,False,0.95
-21.103082,31,3391.156591,False,0.95
-11.232338,31,3395.665772,False,0.95
52.949724,6,3396.584762,True,0.95
-4.776992,31,3401.109569,False,0.95
-2.263692,31,3405.628328,False,0.95
62.084991,23,3409.031039,True,0.95
-11.630814,31,3413.534034,False,0.95
-11.780616,31,3418.037819,False,0.95
-6.655029,31,3422.538642,False,0.95
-6.397668,31,3427.051445,False,0.95
61.53844,22,3430.314773,True,0.95
-7.073588,31,3434.82608,False,0.95
53.884818,8,3436.03774,True,0.95
-23.229647,31,3440.541481,False,0.95
-7.281965,32,3445.253113,False,0.95
61.84017,23,3448.661591,True,0.95
-25.070252,31,3453.189199,False,0.95
-19.98953,31,3457.770751,False,0.95
-7.982975,31,3462.284901,False,0.95
-3.343627,31,3466.809456,False,0.95
-22.616197,31,3471.315236,False,0.95
56.795776,13,3473.263762,True,0.95
-12.704295,32,3477.943158,False,0.95
-1.247941,31,3482.486012,False,0.95
-7.661605,31,3486.97716,False,0.95
58.565087,19,3489.810727,True,0.95
-4.00316,31,3494.323267,False,0.95
-6.874354,31,3498.845336,False,0.95
-4.881933,31,3503.38001,False,0.95
-4.432411,31,3507.684155,False,0.95
-20.534269,31,3512.20101,False,0.95
-13.370359,31,3516.708521,False,0.95
-25.328527,31,3521.212346,False,0.95
-23.416537,31,3525.712699,False,0.95
0.044587,31,3530.243467,False,0.95
60.037418,22,3533.605694,True,0.95
-13.582812,31,3538.275585,False,0.95
-23.456159,31,3542.94254,False,0.95
-14.497324,31,3547.620681,False,0.95
-11.958802,31,3552.288239,False,0.95
56.519685,13,3554.303257,True,0.95
54.168028,8,3555.565227,True,0.95
-6.246789,31,3560.23356,False,0.95
-19.527866,31,3564.901904,False,0.95
-20.791094,31,3569.57117,False,0.95
-12.359745,31,3574.247167,False,0.95
-3.348855,31,3579.004379,False,0.95
-12.304204,31,3583.698778,False,0.95
-21.645569,31,3588.378709,False,0.95
-12.470711,31,3593.038602,False,0.95
-7.160608,31,3597.705105,False,0.95
-1.831044,31,3602.415196,False,0.95
56.363446,17,3605.002304,True,0.95
-11.521272,31,3609.522455,False,0.95
-1.971071,31,3618.247421,False,0.95
-8.663299,31,3622.777734,False,0.95
-7.13257,31,3627.497445,False,0.95
60.063602,22,3630.819452,True,0.95
-2.96046,31,3635.248168,False,0.95
-16.26638,31,3639.766901,False,0.95
-7.367328,31,3644.294396,False,0.95
-3.616046,31,3648.827841,False,0.95
54.183122,10,3650.346202,True,0.95
-20.556722,31,3654.873974,False,0.95
59.942687,20,3657.874305,True,0.95
-4.800095,31,3662.410913,False,0.95
-6.863932,31,3666.936532,False,0.95
61.325661,22,3670.212537,True,0.95
62.429537,24,3673.787515,True,0.95
-5.123384,31,3678.314778,False,0.95
59.17654,18,3681.025223,True,0.95
55.588829,11,3682.685642,True,0.95
-12.170456,31,3687.213447,False,0.95
56.252373,12,3689.019504,True,0.95
52.912616,6,3689.945516,True,0.95
52.733886,6,3690.872727,True,0.95
-9.623011,31,3695.400801,False,0.95
-6.54125,31,3699.946513,False,0.95
-11.856192,31,3704.468551,False,0.95
54.25983,9,3705.834528,True,0.95
-5.747042,31,3710.113249,False,0.95
-5.286732,31,3714.655846,False,0.95
-18.785804,31,3719.179285,False,0.95
-24.682772,31,3723.707653,False,0.95
61.54765,22,3726.998933,True,0.95
-2.204218,31,3731.542648,False,0.95
58.429358,16,3733.95673,True,0.95
-9.322629,31,3738.486795,False,0.95
-21.120176,32,3743.175151,False,0.95
58.707515,17,3745.729518,True,0.95
53.528489,9,3747.085077,True,0.95
57.160344,15,3749.339583,True,0.95
-4.13402,31,3753.888427,False,0.95
57.724116,15,3756.150839,True,0.95
-2.0733,31,3760.781157,False,0.95
60.075005,20,3763.779546,True,0.95
-23.608304,31,3768.462638,False,0.95
-10.951703,31,3773.155785,False,0.95
-12.407339,31,3777.842199,False,0.95
57.367604,14,3780.028033,True,0.95
53.065375,6,3780.996788,True,0.95
-14.080123,31,3785.691311,False,0.95
-7.102005,31,3790.38576,False,0.95
-25.675002,31,3795.068063,False,0.95
-2.095408,31,3799.810496,False,0.95
61.024826,22,3803.215318,True,0.95
57.211722,14,3805.410497,True,0.95
-6.287393,31,3810.111527,False,0.95
-17.798863,31,3814.805203,False,0.95
58.893211,18,3817.610837,True,0.95
53.088212,6,3818.577712,True,0.95
50.734438,3,3819.065923,True,0.95
50.625909,3,3819.555856,True,0.95
-1.970528,31,3824.27869,False,0.95
-20.48007,31,3828.964063,False,0.95
-10.441463,31,3833.650859,False,0.95
-13.701294,31,3838.337359,False,0.95
-19.388333,31,3843.0273,False,0.95
-10.734293,31,3847.730289,False,0.95
59.014289,20,3850.822538,True,0.95
-25.21678,31,3855.505214,False,0.95
-6.127141,31,3860.209812,False,0.95
57.424715,15,3862.542163,True,0.95
-13.045999,31,3867.243245,False,0.95
54.193004,8,3868.506536,True,0.95
-24.8591,31,3873.20637,False,0.95
59.499969,18,3876.00727,True,0.95
61.440348,24,3879.701821,True,0.95
-23.01954,31,3884.397768,False,0.95
53.302857,7,3885.509675,True,0.95
-25.617903,31,3890.206408,False,0.95
-2.582942,31,3894.896088,False,0.95
59.170051,18,3897.705101,True,0.95
-7.595512,31,3902.406925,False,0.95
-5.404591,31,3906.874105,False,0.95
56.018697,12,3908.760923,True,0.95
-20.606125,31,3913.454444,False,0.95
-10.21888,31,3918.158983,False,0.95
-12.554816,31,3922.855114,False,0.95
-23.439546,31,3931.791044,False,0.95
53.650381,8,3933.059861,True,0.95
57.333774,14,3935.256991,True,0.95
58.203879,17,3937.903064,True,0.95
-0.339399,31,3942.608002,False,0.95
-6.125052,31,3947.306208,False,0.95
55.373841,12,3949.188997,True,0.95
60.950612,22,3952.605201,True,0.95
-22.52768,31,3957.300792,False,0.95
57.253932,14,3959.497279,True,0.95
-22.371959,31,3964.199266,False,0.95
-23.372079,31,3968.902028,False,0.95
-1.200873,31,3973.60978,False,0.95
-9.009959,31,3978.29782,False,0.95
54.187744,8,3979.558328,True,0.95
-2.693583,31,3984.333061,False,0.95
-1.636711,31,3989.115813,False,0.95
-10.019029,31,3993.839586,False,0.95
-24.797288,31,3998.531738,False,0.95
59.207508,18,4001.33354,True,0.95
59.273893,22,4004.747768,True,0.95
-5.920605,31,4009.405972,False,0.95
-23.817364,31,4014.088289,False,0.95
-1.672977,31,4018.79662,False,0.95
-23.457088,31,4023.47948,False,0.95
-8.037189,31,4028.188323,False,0.95
-20.28426,31,4033.320777,False,0.95
56.715798,13,4035.350113,True,0.95
51.051793,3,4035.843891,True,0.95
-1.847521,31,4040.539814,False,0.95
-1.243564,31,4045.26035,False,0.95
61.524173,22,4048.668945,True,0.95
-5.499808,32,4053.543629,False,0.95
54.529019,10,4055.126523,True,0.95
-22.276241,31,4059.827203,False,0.95
55.549145,15,4062.167161,True,0.95
0.380665,31,4066.865239,False,0.95
58.066576,16,4069.371392,True,0.95
53.886407,8,4070.641532,True,0.95
-19.477604,31,4075.327625,False,0.95
-8.306414,31,4080.040141,False,0.95
-19.006739,31,4084.723663,False,0.95
53.043719,6,4085.690127,True,0.95
-1.183041,31,4090.439757,False,0.95
0.425397,31,4095.142164,False,0.95
55.568012,11,4096.860753,True,0.95
61.48756,25,4100.715454,True,0.95
-4.072749,31,4105.424917,False,0.95
-14.64034,31,4110.126169,False,0.95
-13.076504,31,4114.820182,False,0.95
53.116587,7,4115.924852,True,0.95
53.15979,6,4116.897314,True,0.95
-7.686674,31,4121.601039,False,0.95
-9.512149,33,4126.63968,False,0.95
-8.297995,31,4131.363958,False,0.95
53.649845,7,4132.468877,True,0.95
55.568017,11,4134.198794,True,0.95
54.318354,9,4135.614455,True,0.95
-7.223079,31,4140.331954,False,0.95
-23.986028,31,4145.04327,False,0.95
-8.58581,31,4149.740853,False,0.95
-20.826679,31,4154.45738,False,0.95
-1.928556,31,4159.1774,False,0.95
-7.466128,31,4163.887638,False,0.95
-1.277752,31,4168.63776,False,0.95
-10.841524,31,4173.335949,False,0.95
-6.93991,31,4178.05145,False,0.95
-5.741684,31,4182.752129,False,0.95
-10.417731,31,4187.454871,False,0.95
-8.380645,31,4192.151919,False,0.95
-24.280128,31,4196.857463,False,0.95
-3.769473,31,4201.577644,False,0.95
57.58393,17,4204.227433,True,0.95
-10.698486,31,4208.945046,False,0.95
62.129971,23,4212.511239,True,0.95
53.860786,8,4213.778622,True,0.95
-23.920214,31,4218.48444,False,0.95
-5.032712,31,4223.202594,False,0.95
62.355314,24,4226.914073,True,0.95
-8.555712,31,4231.60778,False,0.95
-3.822313,31,4236.152212,False,0.95
-23.192356,31,4240.851616,False,0.95
53.638732,7,4246.209686,True,0.95
-2.102369,31,4250.920868,False,0.95
61.500526,22,4254.337841,True,0.95
-8.361355,31,4259.061769,False,0.95
-11.670322,31,4263.782097,False,0.95
53.103762,6,4264.747213,True,0.95
-25.744944,31,4269.452034,False,0.95
57.468733,15,4271.791161,True,0.95
-9.190697,31,4276.502627,False,0.95
60.021095,22,4279.917067,True,0.95
-5.395043,31,4284.369664,False,0.95
55.755681,11,4286.095395,True,0.95
60.883064,21,4289.359863,True,0.95
-21.032124,31,4294.067034,False,0.95
-8.861207,31,4298.779615,False,0.95
-11.404054,31,4303.463295,False,0.95
-0.839277,31,4308.142025,False,0.95
59.260047,18,4310.944335,True,0.95
58.949691,17,4313.600475,True,0.95
57.701267,18,4316.393047,True,0.95
-11.242089,31,4321.069077,False,0.95
60.497861,20,4324.170985,True,0.95
59.033638,18,4326.971154,True,0.95
-8.356843,31,4331.656664,False,0.95
-10.312046,31,4336.333032,False,0.95
-5.540801,31,4341.025942,False,0.95
-4.623054,31,4345.725888,False,0.95
61.082164,22,4349.138803,True,0.95
-8.651861,31,4353.822768,False,0.95
-4.888321,31,4358.283387,False,0.95
57.729824,15,4360.619603,True,0.95
-3.074489,31,4365.318168,False,0.95
-12.856312,31,4370.000204,False,0.95
59.589516,20,4373.092753,True,0.95
54.00015,8,4374.358245,True,0.95
-2.511284,31,4379.16432,False,0.95
60.297207,20,4382.282912,True,0.95
-2.554059,31,4387.013108,False,0.95
-4.813445,31,4391.484259,False,0.95
62.080305,24,4395.241252,True,0.95
-23.324888,31,4399.971953,False,0.95
57.668224,15,4402.442624,True,0.95
57.038381,14,4404.822987,True,0.95
-6.422411,31,4409.573493,False,0.95
-14.120832,31,4414.230904,False,0.95
-23.774875,31,4418.875691,False,0.95
-0.73125,31,4423.535094,False,0.95
-24.31848,31,4428.178476,False,0.95
-25.411355,31,4432.820784,False,0.95
-10.026749,31,4437.491434,False,0.95
-12.938322,31,4442.135535,False,0.95
-9.863878,31,4446.785455,False,0.95
-3.249675,31,4451.449413,False,0.95
59.265161,18,4454.221937,True,0.95
-18.140518,31,4458.874111,False,0.95
-3.279174,31,4463.543019,False,0.95
-1.916236,31,4468.22094,False,0.95
-22.668448,31,4472.865522,False,0.95
-2.397527,31,4477.408134,False,0.95
52.589794,5,4478.202389,True,0.95
-1.481506,31,4482.894287,False,0.95
59.21359,18,4485.679021,True,0.95
-10.522134,31,4490.336857,False,0.95
60.970492,24,4493.9999,True,0.95
0.032229,31,4498.657688,False,0.95
57.225415,15,4500.98037,True,0.95
-25.258157,32,4505.783558,False,0.95
-11.772458,31,4510.427121,False,0.95
-7.914715,31,4515.07823,False,0.95
59.475314,18,4517.854447,True,0.95
54.193303,8,4519.125117,True,0.95
56.767697,13,4521.132288,True,0.95
-23.808522,31,4525.848652,False,0.95
-22.448192,31,4530.634336,False,0.95
-10.661554,31,4535.419809,False,0.95
-9.307411,31,4540.175912,False,0.95
-14.415534,31,4544.949958,False,0.95
55.88911,12,4546.868333,True,0.95
-0.439532,31,4551.669816,False,0.95
-12.009992,31,4556.461708,False,0.95
-2.4667,31,4565.492571,False,0.95
-10.204415,31,4570.272499,False,0.95
60.640402,21,4573.580789,True,0.95
-11.266324,31,4578.364383,False,0.95
49.754358,1,4578.55223,True,0.95
-4.21695,31,4583.202463,False,0.95
-13.563737,31,4588.009082,False,0.95
50.126598,1,4588.194658,True,0.95
61.034097,21,4591.499221,True,0.95
61.609223,22,4594.981058,True,0.95
-5.231769,31,4599.518687,False,0.95
52.944306,6,4600.493591,True,0.95
58.428735,16,4603.031892,True,0.95
-1.956187,31,4607.848573,False,0.95
59.499842,18,4610.694911,True,0.95
-6.302735,31,4615.50537,False,0.95
59.551787,22,4618.980383,True,0.95
-5.591967,31,4623.764849,False,0.95
-12.559381,31,4628.537069,False,0.95
57.181735,14,4630.763377,True,0.95
-0.833051,31,4635.563432,False,0.95
-12.847873,31,4640.354354,False,0.95
54.157002,9,4641.79077,True,0.95
-21.079765,31,4646.630022,False,0.95
-1.202141,31,4651.465276,False,0.95
59.558851,20,4654.630297,True,0.95
-2.315305,31,4659.438579,False,0.95
-1.532206,31,4664.301051,False,0.95
-3.230414,31,4669.089625,False,0.95
49.520202,1,4669.27994,True,0.95
-12.742138,31,4674.079556,False,0.95
55.248787,10,4675.691895,True,0.95
-8.645793,31,4680.375401,False,0.95
-4.854447,31,4685.053426,False,0.95
-24.393683,31,4689.716906,False,0.95
-3.605376,31,4694.392315,False,0.95
-2.469235,31,4699.092934,False,0.95
53.065582,6,4700.049796,True,0.95
-13.549818,31,4704.792608,False,0.95
-3.540159,31,4709.575659,False,0.95
-25.763419,31,4714.337023,False,0.95
-14.089749,31,4719.052469,False,0.95
-11.914306,31,4723.724932,False,0.95
0.289733,31,4728.388718,False,0.95
-3.50837,31,4733.088192,False,0.95
-25.531203,31,4737.749494,False,0.95
-1.116061,31,4742.426522,False,0.95
-12.164842,31,4747.097718,False,0.95
-20.368074,31,4751.762826,False,0.95
-12.702892,31,4756.449202,False,0.95
-9.710298,31,4761.119822,False,0.95
-4.962813,31,4765.80111,False,0.95
58.709615,21,4769.03625,True,0.95
-9.915349,31,4773.722608,False,0.95
58.907827,20,4776.82013,True,0.95
-10.624665,31,4781.486344,False,0.95
-18.048344,31,4786.156381,False,0.95
57.276745,16,4788.644154,True,0.95
61.578584,22,4792.031496,True,0.95
-19.455837,31,4796.719277,False,0.95
58.939207,18,4799.54791,True,0.95
-23.11319,31,4804.334746,False,0.95
-1.638992,31,4809.158729,False,0.95
53.580141,7,4810.291526,True,0.95
-8.652684,31,4815.090614,False,0.95
-17.783809,31,4819.88541,False,0.95
-3.437373,31,4824.716545,False,0.95
-22.62847,31,4829.497891,False,0.95
-18.696458,31,4834.296502,False,0.95
-11.885328,31,4839.085541,False,0.95
-11.987743,31,4843.878309,False,0.95
53.987326,8,4845.189659,True,0.95
-10.598387,31,4849.988622,False,0.95
-3.738561,31,4854.817886,False,0.95
-10.016188,31,4859.605802,False,0.95
-1.337133,31,4864.420657,False,0.95
-20.799283,31,4869.214801,False,0.95
-3.622567,31,4874.02237,False,0.95
-10.245183,31,4883.086082,False,0.95
58.439765,16,4885.632587,True,0.95
50.196691,1,4885.822956,True,0.95
59.438013,20,4888.986339,True,0.95
-22.802201,31,4893.791387,False,0.95
52.743478,6,4894.767499,True,0.95
-10.32833,31,4899.559264,False,0.95
-1.701808,31,4904.367957,False,0.95
-13.280325,31,4909.165495,False,0.95
61.018895,22,4912.661752,True,0.95
60.050368,19,4915.6777,True,0.95
-20.624838,31,4920.497649,False,0.95
-25.041454,31,4925.312831,False,0.95
-24.348066,31,4930.112589,False,0.95
-9.784631,31,4934.920726,False,0.95
-15.994729,31,4939.725491,False,0.95
62.129851,23,4943.352715,True,0.95
-24.476914,31,4948.161566,False,0.95
-0.602329,31,4952.975513,False,0.95
-4.213662,31,4957.780399,False,0.95
55.779771,12,4959.703899,True,0.95
-0.149452,31,4964.51227,False,0.95
-2.4582,31,4969.361855,False,0.95
54.709985,9,4970.803483,True,0.95
0.105833,31,4975.645947,False,0.95
-9.20954,31,4980.461061,False,0.95
-0.925549,31,4985.277643,False,0.95
-19.385901,31,4990.091874,False,0.95
-20.851602,31,4994.914504,False,0.95
-2.63055,31,4999.735015,False,0.95
-5.326163,31,5004.559783,False,0.95
56.813828,13,5006.637968,True,0.95
-14.369732,31,5011.448864,False,0.95
-5.169051,31,5016.044297,False,0.95
-3.885807,31,5020.853379,False,0.95
-5.688088,31,5025.67652,False,0.95
-22.382878,31,5030.47074,False,0.95
-9.120824,32,5035.46717,False,0.95
-10.180035,31,5040.279867,False,0.95
-9.242599,31,5045.105489,False,0.95
-7.573232,31,5049.92598,False,0.95
61.181796,24,5053.715197,True,0.95
-6.938661,31,5058.527735,False,0.95
-13.208006,31,5063.340168,False,0.95
-14.75161,31,5068.147909,False,0.95
-9.680847,31,5072.967967,False,0.95
-25.321113,31,5077.784744,False,0.95
-21.560048,31,5082.6016,False,0.95
53.088369,6,5083.589351,True,0.95
60.372584,20,5086.776309,True,0.95
-17.27569,31,5091.590212,False,0.95
-5.288763,31,5096.432441,False,0.95
-20.129639,31,5101.256248,False,0.95
1.252817,31,5106.101598,False,0.95
-1.817599,31,5110.927603,False,0.95
-21.26196,31,5115.750327,False,0.95
-17.984767,31,5120.57172,False,0.95
53.939095,8,5121.880364,True,0.95
-13.42727,31,5126.710908,False,0.95
-24.676919,31,5131.530619,False,0.95
55.622645,12,5133.468328,True,0.95
59.984663,19,5136.493841,True,0.95
-11.892677,31,5141.324805,False,0.95
-3.548104,31,5146.149129,False,0.95
-5.27105,31,5150.766585,False,0.95
0.305949,31,5155.615619,False,0.95
-11.144376,31,5160.445733,False,0.95
-19.990909,31,5165.283544,False,0.95
-22.894056,31,5170.10707,False,0.95
56.861328,14,5172.351148,True,0.95
-25.707551,31,5177.175386,False,0.95
-10.286576,32,5182.180163,False,0.95
-6.53609,31,5187.094911,False,0.95
58.415024,16,5189.665851,True,0.95
-16.198809,31,5194.512749,False,0.95
61.437696,22,5198.018949,True,0.95
-4.614595,31,5206.921635,False,0.95
-11.931498,31,5211.736896,False,0.95
53.499635,7,5212.884037,True,0.95
-2.070953,31,5217.732568,False,0.95
-11.836588,31,5222.549832,False,0.95
-4.20658,31,5227.384737,False,0.95
-4.159513,31,5232.215818,False,0.95
-9.584659,31,5237.04435,False,0.95
-4.552558,31,5241.904895,False,0.95
-5.860679,31,5246.536549,False,0.95
-3.950728,31,5251.368971,False,0.95
-7.17031,31,5256.212429,False,0.95
-18.774577,32,5261.222427,False,0.95
-19.606225,31,5266.076312,False,0.95
-10.585656,31,5270.89141,False,0.95
-14.099519,31,5275.732503,False,0.95
55.472447,11,5277.500088,True,0.95
-1.801025,31,5282.339986,False,0.95
-21.844347,31,5287.180107,False,0.95
-22.515592,31,5292.008368,False,0.95
-11.311644,31,5296.850888,False,0.95
53.25546,7,5297.986495,True,0.95
-20.029479,31,5302.824176,False,0.95
-8.76415,31,5307.658316,False,0.95
-12.066377,31,5312.491543,False,0.95
-23.6061,31,5317.328925,False,0.95
-11.141751,31,5322.158941,False,0.95
-14.302439,31,5327.010936,False,0.95
-25.109587,31,5331.822696,False,0.95
-2.115469,31,5336.733211,False,0.95
-21.284405,31,5341.562366,False,0.95
53.601239,7,5342.701582,True,0.95
-12.77514,31,5347.530343,False,0.95
-22.359264,31,5352.364898,False,0.95
-13.452324,31,5357.206693,False,0.95
53.580513,7,5358.34408,True,0.95
57.771894,15,5360.738476,True,0.95
-25.152862,31,5365.583105,False,0.95
-22.647087,31,5370.419855,False,0.95
-7.026842,31,5375.273454,False,0.95
-24.540786,31,5380.120915,False,0.95
55.000136,12,5382.061465,True,0.95
0.026882,31,5386.91642,False,0.95
-1.483142,31,5391.753991,False,0.95
0.3297,31,5396.594271,False,0.95
61.517335,23,5400.24199,True,0.95
52.527834,5,5401.066242,True,0.95
-20.402143,31,5405.900976,False,0.95
-24.539593,31,5410.73605,False,0.95
-7.033478,31,5415.582151,False,0.95
-1.758896,31,5420.644537,False,0.95
-18.308004,31,5425.481997,False,0.95
-10.506076,31,5430.31986,False,0.95
-4.867347,31,5434.958654,False,0.95
59.501041,19,5437.991342,True,0.95
-20.741346,31,5442.84282,False,0.95
-1.292842,31,5447.68204,False,0.95
-8.698339,31,5452.510091,False,0.95
-24.472233,31,5457.338002,False,0.95
-17.503301,31,5462.167919,False,0.95
61.066099,21,5465.511141,True,0.95
60.954502,21,5468.863047,True,0.95
-5.884415,31,5473.709512,False,0.95
-0.18034,31,5478.572216,False,0.95
-9.981721,31,5483.401071,False,0.95
-18.800191,31,5488.241236,False,0.95
-21.821409,31,5493.067358,False,0.95
54.585335,9,5494.530026,True,0.95
-1.843729,31,5499.3703,False,0.95
-10.356877,31,5504.207375,False,0.95
49.984468,1,5504.400386,True,0.95
-5.344036,31,5509.075804,False,0.95
57.711813,16,5511.653303,True,0.95
53.677641,8,5512.964707,True,0.95
57.121649,14,5515.220214,True,0.95
-5.715265,31,5520.062224,False,0.95
-1.836662,31,5529.11574,False,0.95
-19.41908,31,5533.9491,False,0.95
-13.252872,31,5538.877766,False,0.95
-25.772265,31,5543.708051,False,0.95
-24.020245,31,5548.558312,False,0.95
-2.096064,31,5553.403392,False,0.95
-3.016375,31,5558.266471,False,0.95
-19.637003,31,5563.108621,False,0.95
-14.303561,31,5567.952966,False,0.95
-13.2472,31,5572.808011,False,0.95
1.617277,31,5577.67704,False,0.95
-19.631601,31,5582.514385,False,0.95
58.05123,17,5585.241333,True,0.95
-1.229629,31,5590.11302,False,0.95
-3.751609,31,5594.811246,False,0.95
61.069287,21,5598.163378,True,0.95
56.955105,17,5600.880024,True,0.95
56.837085,13,5602.974613,True,0.95
-7.484021,31,5607.834465,False,0.95
-10.773504,31,5612.695999,False,0.95
58.812203,18,5615.59834,True,0.95
51.973173,5,5616.420278,True,0.95
-24.819986,32,5621.449269,False,0.95
-9.763973,31,5626.297333,False,0.95
-5.200612,31,5631.010359,False,0.95
-4.16677,31,5635.87188,False,0.95
-23.097878,31,5640.718757,False,0.95
-1.958639,31,5645.564888,False,0.95
-2.990356,31,5650.418079,False,0.95
-11.441388,31,5655.267365,False,0.95
-11.757917,31,5660.114782,False,0.95
-4.695588,31,5664.990054,False,0.95
-24.342291,31,5669.832399,False,0.95
-5.746059,31,5674.680779,False,0.95
-22.955002,31,5679.535033,False,0.95
-1.451006,31,5684.398492,False,0.95
55.247553,10,5686.027421,True,0.95
-14.778507,31,5690.867973,False,0.95
-8.879367,31,5695.724389,False,0.95
53.892641,8,5697.033914,True,0.95
-21.647246,31,5701.895974,False,0.95
-22.185512,31,5706.741438,False,0.95
-23.896682,31,5711.597969,False,0.95
-1.574418,31,5716.445593,False,0.95
56.760708,13,5718.543381,True,0.95
-7.437557,31,5723.399277,False,0.95
-0.455139,31,5728.260817,False,0.95
0.047859,31,5733.128477,False,0.95
59.418286,20,5736.329327,True,0.95
-1.404942,31,5741.194544,False,0.95
-5.969126,31,5746.050047,False,0.95
-8.778363,31,5750.915702,False,0.95
-24.370729,31,5755.761993,False,0.95
-23.602732,31,5760.623258,False,0.95
54.129587,8,5761.941232,True,0.95
-22.678878,32,5766.994525,False,0.95
55.307861,11,5768.761714,True,0.95
-5.981934,31,5773.634481,False,0.95
-7.312541,31,5778.517704,False,0.95
-3.366025,31,5783.52317,False,0.95
-8.797649,31,5788.474306,False,0.95
-18.93573,31,5793.346016,False,0.95
-4.526321,31,5798.250114,False,0.95
0.074465,31,5803.114506,False,0.95
54.157162,8,5804.423555,True,0.95
-24.500161,31,5809.30907,False,0.95
56.283504,12,5811.259579,True,0.95
-9.83157,31,5816.123281,False,0.95
-1.004484,31,5820.998231,False,0.95
-6.73017,31,5825.863638,False,0.95
61.653105,23,5829.545088,True,0.95
-14.267474,31,5834.426006,False,0.95
-6.446719,31,5839.316467,False,0.95
-0.905465,31,5844.185831,False,0.95
-9.644288,31,5849.087995,False,0.95
58.375232,16,5855.879346,True,0.95
55.769924,11,5857.6772,True,0.95
-11.442625,31,5862.548411,False,0.95
-12.768193,31,5867.42357,False,0.95
-1.779782,31,5872.329168,False,0.95
53.842366,9,5873.786326,True,0.95
0.293939,31,5878.674782,False,0.95
-4.235463,31,5883.581214,False,0.95
-22.818452,31,5888.463049,False,0.95
-14.433223,31,5893.348854,False,0.95
-13.761293,31,5898.232609,False,0.95
-5.421492,31,5903.149067,False,0.95
53.343613,7,5904.327356,True,0.95
-7.611584,31,5909.227468,False,0.95
-7.689484,31,5914.142936,False,0.95
-8.03446,31,5919.018302,False,0.95
-3.694911,31,5923.922969,False,0.95
-19.674209,31,5928.804807,False,0.95
59.30132,18,5931.728948,True,0.95
-22.554994,31,5936.628101,False,0.95
-1.682339,31,5941.534606,False,0.95
58.748029,19,5944.590169,True,0.95
-13.15186,31,5949.496537,False,0.95
-8.065437,31,5954.400047,False,0.95
0.101173,31,5959.294863,False,0.95
55.808029,11,5961.078246,True,0.95
58.351544,16,5963.661076,True,0.95
-2.23239,31,5968.597343,False,0.95
-9.265089,31,5973.502111,False,0.95
62.114214,24,5977.348913,True,0.95
56.811464,13,5979.447613,True,0.95
54.430869,11,5981.238842,True,0.95
-18.706263,31,5986.12858,False,0.95
-25.296966,31,5991.034883,False,0.95
-11.276445,31,5995.922129,False,0.95
54.892716,11,5997.703401,True,0.95
-7.650165,31,6002.616062,False,0.95
-23.335795,31,6007.507103,False,0.95
-10.511191,31,6012.408528,False,0.95
59.498004,18,6015.319783,True,0.95
-8.88912,31,6020.222753,False,0.95
-9.733063,31,6025.129282,False,0.95
53.396674,9,6026.601635,True,0.95
-1.290802,31,6031.536828,False,0.95
58.054552,16,6034.132112,True,0.95
55.697492,11,6035.931105,True,0.95
-10.275862,31,6040.835825,False,0.95
-4.157,31,6045.727599,False,0.95
60.301424,21,6049.107221,True,0.95
-8.395115,31,6054.048362,False,0.95
56.444263,13,6056.152906,True,0.95
-0.298072,31,6061.069494,False,0.95
-3.268707,31,6065.984912,False,0.95
-0.886515,31,6070.903236,False,0.95
-10.017126,31,6075.808507,False,0.95
-19.190349,31,6080.729856,False,0.95
-2.084242,32,6085.824644,False,0.95
58.806429,18,6088.737164,True,0.95
-5.382061,31,6093.546754,False,0.95
53.783104,8,6094.862225,True,0.95
1.454516,31,6099.785748,False,0.95
-1.580625,31,6104.701547,False,0.95
57.119552,14,6106.98439,True,0.95
-5.910036,31,6111.911894,False,0.95
56.746596,13,6114.023511,True,0.95
-2.602629,31,6118.883651,False,0.95
-13.238976,31,6123.808923,False,0.95
-1.919046,31,6128.788534,False,0.95
61.01246,21,6132.171347,True,0.95
-21.228714,31,6137.100024,False,0.95
-16.326159,31,6142.027216,False,0.95
-1.385217,31,6146.959279,False,0.95
58.393475,16,6149.546941,True,0.95
-11.948904,31,6154.484053,False,0.95
-25.283152,31,6159.395822,False,0.95
-13.697805,31,6164.325658,False,0.95
-13.075968,31,6169.249533,False,0.95
-9.972025,31,6174.182996,False,0.95
56.402894,13,6176.289607,True,0.95
60.197885,24,6180.1645,True,0.95
-9.495931,31,6189.330733,False,0.95
-0.871634,31,6194.270993,False,0.95
54.724925,13,6196.391759,True,0.95
-24.863871,32,6201.514744,False,0.95
-25.30585,31,6206.465918,False,0.95
-3.897897,31,6211.413455,False,0.95
-1.408593,31,6216.388391,False,0.95
-2.855582,31,6221.264406,False,0.95
-23.950173,31,6226.199496,False,0.95
-19.798436,31,6231.157547,False,0.95
-25.329425,31,6236.100415,False,0.95
62.203007,24,6239.979989,True,0.95
-1.353404,31,6244.927289,False,0.95
-18.236399,32,6250.052725,False,0.95
-4.61067,31,6254.999885,False,0.95
-24.469167,31,6259.947681,False,0.95
-10.344993,31,6264.921922,False,0.95
-12.890998,31,6269.864166,False,0.95
-23.412691,31,6274.82499,False,0.95
-5.898604,31,6279.785705,False,0.95
55.76998,11,6281.594978,True,0.95
-0.926131,31,6286.570874,False,0.95
58.206162,16,6289.191582,True,0.95
-9.375352,31,6294.156293,False,0.95
-0.305236,31,6299.126826,False,0.95
61.494965,24,6303.0171,True,0.95
-9.144748,31,6307.988561,False,0.95
-22.917868,31,6312.950937,False,0.95
56.55353,13,6315.072184,True,0.95
-7.993601,31,6320.053932,False,0.95
-4.85059,31,6325.026929,False,0.95
-18.329789,31,6330.00987,False,0.95
-13.029661,31,6334.981226,False,0.95
-16.932594,31,6339.935212,False,0.95
-6.575055,31,6344.898661,False,0.95
-4.036491,31,6349.888541,False,0.95
-7.75427,31,6354.861947,False,0.95
-12.358142,31,6359.853209,False,0.95
-14.327273,31,6364.819675,False,0.95
53.577288,7,6365.986854,True,0.95
-1.552827,31,6370.985125,False,0.95
-3.927726,31,6375.970554,False,0.95
-0.729337,31,6380.950273,False,0.95
-12.310188,31,6386.053621,False,0.95
56.879566,14,6388.349433,True,0.95
-12.373891,31,6393.34218,False,0.95
-10.670771,31,6398.338987,False,0.95
-16.441909,31,6403.335528,False,0.95
-9.18959,31,6408.316596,False,0.95
-2.970972,31,6413.381472,False,0.95
-22.097665,31,6418.42019,False,0.95
60.922569,22,6422.009919,True,0.95
-24.971205,31,6427.008297,False,0.95
-22.647586,31,6431.987497,False,0.95
56.79198,13,6434.125984,True,0.95
-12.274799,31,6439.098411,False,0.95
-23.301647,31,6444.107477,False,0.95
-5.319396,31,6449.103733,False,0.95
-6.225536,31,6454.138198,False,0.95
-24.742172,31,6459.1258,False,0.95
-2.010566,31,6464.172055,False,0.95
53.532082,7,6465.341927,True,0.95
-17.649987,31,6470.336933,False,0.95
-11.158873,31,6475.344027,False,0.95
-0.931478,31,6480.347759,False,0.95
-3.679107,31,6485.378161,False,0.95
-13.698895,31,6490.398418,False,0.95
-2.53512,31,6495.413927,False,0.95
-16.051563,31,6500.414961,False,0.95
-13.936903,31,6505.420466,False,0.95
-25.808383,31,6510.443578,False,0.95
-11.058472,31,6519.795101,False,0.95
-8.394701,31,6524.801466,False,0.95
-7.631099,31,6529.803977,False,0.95
-12.444927,31,6534.817568,False,0.95
54.932631,10,6536.471609,True,0.95
-4.839467,31,6541.496953,False,0.95
61.836607,23,6545.241889,True,0.95
-7.234356,31,6550.269522,False,0.95
-0.771531,31,6555.272935,False,0.95
-3.570724,31,6560.30556,False,0.95
53.492181,7,6561.469275,True,0.95
-4.958035,32,6566.67416,False,0.95
-20.229786,31,6571.651703,False,0.95
-13.325994,31,6576.629933,False,0.95
-17.821937,31,6581.574634,False,0.95
57.17179,15,6583.997082,True,0.95
-11.694637,31,6588.977088,False,0.95
59.614976,20,6592.213235,True,0.95
-4.130791,31,6597.181668,False,0.95
-1.568321,31,6602.138255,False,0.95
-3.583751,31,6607.101122,False,0.95
-7.096647,31,6612.057489,False,0.95
59.470502,18,6614.984318,True,0.95
53.088942,7,6616.142482,True,0.95
-6.233194,31,6621.104086,False,0.95
-13.800099,31,6626.080665,False,0.95
53.649883,7,6627.242366,True,0.95
-11.880213,31,6632.207307,False,0.95
54.456165,9,6633.690182,True,0.95
-24.775744,31,6638.682684,False,0.95
61.029996,22,6642.223842,True,0.95
61.08967,21,6645.621252,True,0.95
59.806456,20,6648.866763,True,0.95
-17.959214,31,6653.859075,False,0.95
60.282075,22,6657.42243,True,0.95
-6.220099,31,6662.397539,False,0.95
-10.685636,31,6667.384593,False,0.95
59.697002,21,6670.775165,True,0.95
-5.15739,31,6675.767186,False,0.95
-8.621524,31,6680.755863,False,0.95
60.543212,20,6684.007369,True,0.95
58.749509,17,6686.780327,True,0.95
-25.461673,31,6691.881536,False,0.95
-13.489691,31,6696.958434,False,0.95
-8.312509,31,6702.02263,False,0.95
-11.245682,31,6707.09357,False,0.95
58.376583,17,6709.900182,True,0.95
-5.72687,31,6715.442658,False,0.95
-13.8749,31,6720.731122,False,0.95
-3.455372,31,6725.952343,False,0.95
58.947631,17,6728.766586,True,0.95
-21.035277,31,6733.861104,False,0.95
-22.712308,31,6738.96085,False,0.95
55.763663,12,6740.971291,True,0.95
-2.650411,31,6746.042174,False,0.95
-11.160937,31,6751.144134,False,0.95
-6.288016,31,6756.199569,False,0.95
-23.918507,31,6761.279175,False,0.95
55.229909,11,6763.11918,True,0.95
-9.972273,31,6768.192877,False,0.95
-8.418207,31,6773.313349,False,0.95
52.583203,5,6774.215176,True,0.95
-13.409672,31,6779.318804,False,0.95
-24.653549,31,6784.419635,False,0.95
-0.380374,31,6789.536427,False,0.95
57.679128,15,6792.038507,True,0.95
-7.484936,31,6797.130064,False,0.95
-4.142165,31,6802.246725,False,0.95
57.634149,15,6804.75837,True,0.95
-0.626432,31,6809.902871,False,0.95
-25.345986,31,6815.002387,False,0.95
60.553729,21,6818.501802,True,0.95
62.453888,27,6822.973648,True,0.95
-3.372308,31,6828.041991,False,0.95
-11.898326,31,6833.143173,False,0.95
-9.791691,31,6838.267032,False,0.95
49.791691,1,6838.466298,True,0.95
56.959055,15,6840.973796,True,0.95
-3.65377,31,6846.108081,False,0.95
-14.197044,31,6851.227373,False,0.95
60.012539,20,6858.749736,True,0.95
-9.080326,31,6863.88756,False,0.95
56.781269,13,6866.090754,True,0.95
59.465889,18,6869.094499,True,0.95
56.513128,16,6871.777509,True,0.95
-14.676971,31,6876.942024,False,0.95
-24.735572,31,6882.069417,False,0.95
61.413984,23,6885.890217,True,0.95
56.431493,13,6888.084731,True,0.95
-1.137695,31,6893.205673,False,0.95
-14.04329,31,6898.35043,False,0.95
61.030676,21,6901.827805,True,0.95
52.896813,6,6902.86051,True,0.95
-21.677282,31,6908.001747,False,0.95
54.031082,8,6909.363543,True,0.95
-13.041171,31,6914.492,False,0.95
55.251318,10,6916.188655,True,0.95
57.569731,18,6919.214129,True,0.95
-23.769937,31,6924.357754,False,0.95
-2.282307,31,6929.477514,False,0.95
56.616926,14,6931.837268,True,0.95
57.904475,17,6934.683014,True,0.95
-5.287926,31,6939.822813,False,0.95
-4.500508,31,6944.962921,False,0.95
59.454983,18,6947.984264,True,0.95
60.12259,23,6951.814759,True,0.95
60.906475,24,6955.877214,True,0.95
-13.356931,31,6961.023194,False,0.95
58.932634,20,6964.37858,True,0.95
-8.510065,31,6969.523423,False,0.95
-24.970482,31,6974.68168,False,0.95
55.5399,15,6977.205104,True,0.95
61.61208,26,6981.557536,True,0.95
-12.32752,31,6986.8239,False,0.95
-3.842125,31,6992.010857,False,0.95
1.971406,31,6997.171895,False,0.95
-18.595394,33,7002.676703,False,0.95
-24.986932,31,7007.82935,False,0.95
-11.271029,31,7013.004662,False,0.95
57.820146,15,7015.535923,True,0.95
-10.612187,31,7020.731564,False,0.95
-6.126269,31,7025.887639,False,0.95
58.972468,19,7029.081364,True,0.95
59.455984,18,7032.119157,True,0.95
60.956824,22,7035.815259,True,0.95
-13.951678,31,7041.005457,False,0.95
-6.547326,31,7046.178972,False,0.95
-15.843305,31,7051.383241,False,0.95
55.191676,10,7053.08727,True,0.95
-1.604865,31,7058.267436,False,0.95
56.228989,12,7060.315597,True,0.95
-13.956381,31,7065.49118,False,0.95
60.920472,21,7069.030205,True,0.95
55.845974,12,7071.086732,True,0.95
-8.256433,31,7076.259155,False,0.95
-25.344998,31,7081.455118,False,0.95
59.854126,19,7084.650965,True,0.95
1.035344,31,7089.851906,False,0.95
-16.953416,31,7095.039469,False,0.95
0.260312,31,7100.242589,False,0.95
-10.745969,31,7105.447082,False,0.95
-25.326966,31,7110.652087,False,0.95
-5.299682,31,7115.842657,False,0.95
-10.224574,31,7121.027046,False,0.95
61.579327,22,7124.728472,True,0.95
58.540783,17,7127.614724,True,0.95
61.636827,23,7131.488928,True,0.95
-23.999506,31,7136.699527,False,0.95
57.194922,15,7139.256269,True,0.95
-24.239063,32,7144.616155,False,0.95
-14.679791,31,7149.840988,False,0.95
1.137839,31,7155.043959,False,0.95
-14.254526,31,7160.255577,False,0.95
-1.405105,31,7165.452387,False,0.95
-8.932755,31,7170.668149,False,0.95
60.581478,21,7174.218749,True,0.95
-25.320241,31,7179.430657,False,0.95
-9.928745,31,7184.648157,False,0.95
-10.080476,31,7189.854109,False,0.95
-5.891674,31,7195.075698,False,0.95
-4.399157,31,7204.523136,False,0.95
-3.037098,31,7209.752706,False,0.95
-6.361681,31,7214.998199,False,0.95
-25.608006,31,7220.274247,False,0.95
53.149823,8,7221.677494,True,0.95
-12.509497,31,7226.935803,False,0.95
57.414896,18,7230.024151,True,0.95
-12.705693,31,7235.295421,False,0.95
52.870339,6,7236.355629,True,0.95
-1.584173,31,7241.59386,False,0.95
54.692678,9,7243.157724,True,0.95
60.776801,22,7246.894577,True,0.95
-14.048736,31,7252.147599,False,0.95
-22.726947,31,7257.42747,False,0.95
-4.290069,31,7262.692104,False,0.95
55.278197,11,7264.579308,True,0.95
-11.836808,31,7269.853104,False,0.95
55.526282,13,7272.088809,True,0.95
-8.777474,31,7277.366154,False,0.95
55.243142,10,7279.114749,True,0.95
-5.642002,31,7284.368579,False,0.95
-13.208139,31,7289.638818,False,0.95
54.444521,10,7291.378335,True,0.95
54.540505,9,7292.943187,True,0.95
-25.424489,31,7298.204983,False,0.95
-10.993321,31,7303.477664,False,0.95
57.022835,15,7306.039503,True,0.95
-24.613753,31,7311.317712,False,0.95
55.847073,12,7313.404189,True,0.95
53.390399,7,7314.623882,True,0.95
-2.248973,31,7319.906606,False,0.95
-12.808776,31,7325.18422,False,0.95
61.889145,24,7329.304891,True,0.95
-8.302672,31,7334.567625,False,0.95
55.99263,12,7336.639859,True,0.95
-10.14504,31,7341.920089,False,0.95
55.656172,11,7343.81873,True,0.95
-5.722787,31,7349.102534,False,0.95
50.489939,1,7349.308435,True,0.95
-11.173146,31,7354.583183,False,0.95
-12.887708,31,7359.887578,False,0.95
-24.037969,31,7365.16227,False,0.95
-2.740852,31,7370.466248,False,0.95
-3.006171,31,7375.730869,False,0.95
-7.296363,31,7381.025021,False,0.95
-12.626878,31,7386.294041,False,0.95
51.943753,5,7387.18046,True,0.95
58.258091,16,7389.958995,True,0.95
-11.555264,31,7395.241825,False,0.95
60.231421,20,7398.701448,True,0.95
-10.840144,31,7404.001413,False,0.95
-21.114457,31,7409.281676,False,0.95
-2.332081,31,7414.603153,False,0.95
54.983493,10,7416.354044,True,0.95
53.839894,8,7417.773277,True,0.95
-23.063319,31,7423.08822,False,0.95
53.049478,7,7424.313883,True,0.95
-10.334079,31,7429.60393,False,0.95
1.100141,31,7434.915844,False,0.95
0.535228,31,7440.214889,False,0.95
60.646499,22,7444.002845,True,0.95
60.558433,20,7447.446194,True,0.95
-20.699461,32,7452.932683,False,0.95
55.009143,10,7454.683159,True,0.95
-0.709162,31,7460.008238,False,0.95
59.869376,19,7463.27723,True,0.95
-8.791575,31,7468.59687,False,0.95
-2.861209,31,7473.950149,False,0.95
-12.647704,31,7479.255233,False,0.95
50.800115,2,7479.641014,True,0.95
-6.423002,31,7484.984966,False,0.95
-1.924046,31,7490.781,False,0.95
-24.975041,31,7496.561534,False,0.95
-23.412747,31,7502.341793,False,0.95
-1.217131,31,7508.124956,False,0.95
-3.72953,31,7513.906479,False,0.95
-4.750574,31,7519.552639,False,0.95
-7.911356,31,7525.339,False,0.95
-0.886935,31,7531.154937,False,0.95
53.214568,9,7532.887475,True,0.95
-12.951375,32,7538.87729,False,0.95
-1.705644,31,7544.673234,False,0.95
-4.015129,31,7550.454745,False,0.95
-2.099471,31,7556.259302,False,0.95
-2.090508,31,7566.290284,False,0.95
-13.539454,31,7572.069885,False,0.95
-23.497732,31,7577.840388,False,0.95
-6.227241,31,7583.706347,False,0.95
-25.749006,31,7589.501631,False,0.95
-25.282681,31,7595.280365,False,0.95
-7.325186,31,7601.083469,False,0.95
-14.323032,31,7606.838507,False,0.95
-25.20184,31,7612.627003,False,0.95
-8.249673,31,7618.412738,False,0.95
50.959551,2,7618.845121,True,0.95
-8.318525,31,7624.615783,False,0.95
-24.315111,31,7630.389674,False,0.95
-19.867559,31,7636.186269,False,0.95
-10.13319,31,7641.977498,False,0.95
-12.798322,31,7647.767924,False,0.95
58.624482,17,7651.000295,True,0.95
58.39016,17,7654.235272,True,0.95
-1.164292,31,7660.072524,False,0.95
-6.737849,31,7665.857248,False,0.95
50.013193,1,7666.085991,True,0.95
-23.96403,31,7671.863609,False,0.95
-17.520452,31,7677.647746,False,0.95
-1.669493,31,7683.477877,False,0.95
54.09603,8,7685.03776,True,0.95
-5.779971,31,7690.813898,False,0.95
53.190813,7,7692.167516,True,0.95
-11.909182,31,7697.94799,False,0.95
-0.983168,31,7703.743133,False,0.95
-4.249743,31,7709.520326,False,0.95
-9.629212,31,7715.303736,False,0.95
53.462955,7,7716.670789,True,0.95
-0.542403,31,7722.48151,False,0.95
-3.206742,31,7728.349263,False,0.95
62.081376,23,7732.699506,True,0.95
-3.720807,31,7738.489608,False,0.95
0.554412,31,7744.286196,False,0.95
51.485165,3,7744.891922,True,0.95
-18.210922,31,7750.699604,False,0.95
54.234957,9,7752.434094,True,0.95
56.097191,15,7755.299186,True,0.95
-24.936578,32,7761.286082,False,0.95
-0.049142,31,7767.100823,False,0.95
-0.273816,31,7772.897714,False,0.95
56.667822,14,7775.585154,True,0.95
-20.471131,31,7781.39311,False,0.95
-11.467287,31,7787.198215,False,0.95
60.241882,21,7791.172516,True,0.95
-12.362886,31,7796.977157,False,0.95
61.773642,25,7801.698299,True,0.95
-2.717227,31,7807.524765,False,0.95
-13.513259,31,7813.357315,False,0.95
55.952902,14,7816.043017,True,0.95
-13.672881,31,7821.838775,False,0.95
61.036575,21,7825.839937,True,0.95
-0.638924,31,7831.668767,False,0.95
55.789727,13,7834.166089,True,0.95
61.620906,23,7838.547487,True,0.95
-0.292666,31,7844.363217,False,0.95
53.643915,8,7845.92379,True,0.95
-12.148645,31,7851.740114,False,0.95
55.906963,12,7854.067302,True,0.95
-5.125712,31,7859.732178,False,0.95
-6.582947,31,7865.564082,False,0.95
-6.31354,31,7871.320354,False,0.95
59.348478,18,7874.770067,True,0.95
50.46272,1,7875.002782,True,0.95
-10.611954,31,7880.801012,False,0.95
-9.210915,31,7886.61867,False,0.95
-7.322718,31,7892.436045,False,0.95
54.748313,9,7894.182205,True,0.95
-1.499635,31,7899.999045,False,0.95
-2.462886,31,7905.856973,False,0.95
-22.775132,31,7911.653496,False,0.95
57.306593,14,7914.355703,True,0.95
53.440447,7,7915.716138,True,0.95
60.368183,20,7919.523962,True,0.95
-1.293016,31,7925.351128,False,0.95
-1.826631,31,7931.175009,False,0.95
-18.373184,31,7937.003229,False,0.95
-0.746085,31,7942.831771,False,0.95
60.305754,21,7946.830923,True,0.95
-25.3044,31,7956.91984,False,0.95
58.309321,17,7960.167392,True,0.95
-11.579512,31,7965.990183,False,0.95
58.059192,16,7969.047577,True,0.95
-24.156349,31,7974.879224,False,0.95
57.657043,15,7977.745088,True,0.95
56.529386,13,7980.24301,True,0.95
-12.033313,31,7986.054996,False,0.95
-3.752764,31,7991.888416,False,0.95
57.858063,15,7994.759506,True,0.95
-3.316926,31,8000.631217,False,0.95
-5.17628,31,8006.515494,False,0.95
0.469377,31,8012.358701,False,0.95
-3.436356,31,8018.211708,False,0.95
-24.0191,31,8024.035601,False,0.95
-3.906556,31,8029.867093,False,0.95
-25.08212,31,8035.702642,False,0.95
-1.838095,31,8041.543047,False,0.95
-6.261589,31,8047.381347,False,0.95
-14.812426,31,8053.21003,False,0.95
-13.267144,31,8059.04416,False,0.95
-25.502591,31,8064.880162,False,0.95
56.259008,12,8067.195509,True,0.95
-8.323014,31,8073.024116,False,0.95
-2.493222,31,8078.905017,False,0.95
-6.675516,31,8084.750045,False,0.95
-3.594502,31,8090.599565,False,0.95
-24.130505,31,8096.451352,False,0.95
-10.68652,32,8102.492608,False,0.95
55.600119,13,8104.994853,True,0.95
-8.299132,31,8110.843421,False,0.95
54.199887,8,8112.403322,True,0.95
62.116456,23,8116.795133,True,0.95
-13.410978,31,8122.636302,False,0.95
-7.089523,31,8128.493572,False,0.95
-22.851668,31,8134.36319,False,0.95
-25.256468,31,8140.18888,False,0.95
-13.042883,31,8146.05395,False,0.95
-6.391774,31,8151.864844,False,0.95
-3.678929,31,8157.741368,False,0.95
-2.954234,31,8163.536471,False,0.95
-0.283079,31,8169.398349,False,0.95
0.418673,31,8175.2648,False,0.95
57.803233,15,8178.149318,True,0.95
-13.504855,31,8184.072205,False,0.95
-16.793373,31,8190.041638,False,0.95
-12.014748,31,8195.909766,False,0.95
-2.910672,31,8201.745009,False,0.95
61.065075,21,8205.763899,True,0.95
52.93577,6,8206.956844,True,0.95
-21.940178,31,8212.814729,False,0.95
-8.726662,31,8218.676811,False,0.95
52.830976,6,8219.857026,True,0.95
-4.111507,31,8225.734567,False,0.95
59.631564,20,8229.575219,True,0.95
-25.254231,31,8235.443765,False,0.95
-7.150086,31,8241.299616,False,0.95
62.256908,26,8246.263143,True,0.95
-24.114348,31,8252.130982,False,0.95
-8.607836,31,8257.995171,False,0.95
-19.284025,31,8263.85935,False,0.95
-0.522602,31,8269.727108,False,0.95
0.681449,31,8275.619819,False,0.95
-5.497521,31,8281.491235,False,0.95
55.990426,13,8284.003695,True,0.95
-22.792006,31,8289.882852,False,0.95
58.314579,16,8292.969997,True,0.95
-5.500672,31,8298.848024,False,0.95
-5.336619,32,8304.942884,False,0.95
-11.654417,31,8310.813514,False,0.95
-7.136754,31,8316.706451,False,0.95
55.187088,10,8318.659909,True,0.95
53.760182,11,8320.792115,True,0.95
-7.66158,31,8326.653176,False,0.95
54.645486,9,8328.402281,True,0.95
53.139046,6,8329.599998,True,0.95
0.852971,31,8335.473281,False,0.95
59.403426,20,8339.331476,True,0.95
57.550492,15,8342.231638,True,0.95
-12.648371,31,8352.378633,False,0.95
55.190409,11,8354.503891,True,0.95
-1.001641,31,8360.410269,False,0.95
-11.096905,31,8366.315164,False,0.95
-9.380539,31,8372.19678,False,0.95
-6.436236,31,8378.085756,False,0.95
55.682336,12,8380.419468,True,0.95
-18.926553,31,8386.293028,False,0.95
60.361997,20,8390.145699,True,0.95
-22.456794,31,8396.052766,False,0.95
56.896867,14,8398.770969,True,0.95
-9.040214,31,8404.660449,False,0.95
50.299589,1,8404.894462,True,0.95
58.891825,19,8408.550457,True,0.95
-1.513913,31,8414.456141,False,0.95
53.416803,7,8415.831656,True,0.95
0.942625,31,8421.758052,False,0.95
-4.998222,31,8427.679311,False,0.95
-3.419777,31,8433.582094,False,0.95
-14.149296,31,8439.486126,False,0.95
53.948598,8,8441.062493,True,0.95
-1.573085,31,8447.000811,False,0.95
-7.148189,31,8452.942927,False,0.95
-23.298482,31,8458.858658,False,0.95
56.940672,14,8461.575482,True,0.95
-21.012658,31,8467.490803,False,0.95
-12.086979,31,8473.364606,False,0.95
58.789014,19,8477.030712,True,0.95
-24.70846,31,8482.910067,False,0.95
-6.155376,31,8488.823599,False,0.95
-7.882849,31,8494.74001,False,0.95
-5.06219,31,8500.615149,False,0.95
-21.139822,31,8506.511076,False,0.95
-1.184411,31,8512.426086,False,0.95
-18.860022,31,8518.326259,False,0.95
-0.297557,31,8524.22881,False,0.95
-23.432004,31,8530.129632,False,0.95
-2.309837,31,8536.039834,False,0.95
57.048383,14,8538.761207,True,0.95
-4.91062,31,8544.653953,False,0.95
-11.334166,31,8550.551162,False,0.95
58.238963,16,8553.659509,True,0.95
-16.65532,31,8559.551619,False,0.95
-5.153338,31,8565.465681,False,0.95
-0.343819,31,8571.352799,False,0.95
-11.003277,31,8577.2709,False,0.95
-25.291613,31,8583.166739,False,0.95
-3.888903,31,8589.07486,False,0.95
0.453839,31,8594.974244,False,0.95
-17.762247,31,8600.895222,False,0.95
-22.40269,31,8606.799044,False,0.95
-14.990511,31,8612.729011,False,0.95
60.636971,21,8616.782974,True,0.95
-6.583881,31,8622.67666,False,0.95
-3.723239,31,8628.592259,False,0.95
-4.144998,31,8634.443171,False,0.95
-11.132166,31,8640.381682,False,0.95
-10.661196,31,8646.287544,False,0.95
-3.123967,31,8652.160721,False,0.95
61.0394,21,8656.203643,True,0.95
53.765868,8,8657.791392,True,0.95
-18.447543,31,8663.719539,False,0.95
-12.023476,31,8669.6492,False,0.95
55.811735,13,8672.172866,True,0.95
-10.811664,31,8678.0937,False,0.95
62.339022,24,8682.721034,True,0.95
-1.907879,31,8688.639902,False,0.95
61.831311,23,8693.063546,True,0.95
-2.88723,31,8699.0125,False,0.95
-4.286179,31,8704.842185,False,0.95
-23.048373,31,8710.766066,False,0.95
-24.492862,31,8716.68075,False,0.95
-13.07676,31,8722.605519,False,0.95
-3.851098,31,8728.473242,False,0.95
-8.014632,31,8734.398445,False,0.95
58.314792,16,8737.507228,True,0.95
-5.033546,31,8747.518657,False,0.95
59.973274,19,8751.196491,True,0.95
-6.790203,31,8757.159525,False,0.95
54.512237,11,8759.318458,True,0.95
55.835033,15,8762.229474,True,0.95
-12.925891,31,8768.169307,False,0.95
-7.198855,31,8774.087011,False,0.95
52.791334,6,8775.27638,True,0.95
-20.607923,31,8781.210444,False,0.95
-2.012521,31,8787.297231,False,0.95
-7.601734,31,8793.278554,False,0.95
57.361166,15,8796.212564,True,0.95
-10.014769,31,8802.146537,False,0.95
-20.361241,31,8808.080277,False,0.95
55.161486,10,8810.041099,True,0.95
-12.719639,31,8815.980743,False,0.95
-0.929182,31,8821.929629,False,0.95
57.785326,16,8825.046761,True,0.95
61.438814,23,8829.488683,True,0.95
-13.121459,31,8835.441684,False,0.95
-1.26314,31,8841.378743,False,0.95
-3.673933,31,8847.32339,False,0.95
-18.187742,31,8853.244828,False,0.95
52.576353,5,8854.25332,True,0.95
-0.460337,31,8860.21491,False,0.95
-3.098308,31,8866.207855,False,0.95
-20.38923,31,8872.134498,False,0.95
-18.238213,31,8878.126253,False,0.95
-14.368488,31,8884.084053,False,0.95
53.734788,8,8885.675016,True,0.95
57.625246,15,8888.581153,True,0.95
-20.266624,31,8894.534091,False,0.95
54.316215,9,8896.311505,True,0.95
-10.484658,31,8902.267013,False,0.95
-1.461053,31,8908.246623,False,0.95
60.515893,20,8912.136155,True,0.95
53.081356,6,8913.345867,True,0.95
60.556703,20,8917.242408,True,0.95
-6.934514,31,8923.172915,False,0.95
-7.499744,31,8929.113433,False,0.95
-4.840513,31,8935.079301,False,0.95
-12.71594,31,8941.036736,False,0.95
60.527617,21,8945.098204,True,0.95
55.986668,15,8948.003947,True,0.95
-2.368777,31,8953.970207,False,0.95
-3.118545,31,8959.922877,False,0.95
-12.527518,31,8965.882123,False,0.95
-13.450437,31,8971.820769,False,0.95
-5.735168,31,8977.794271,False,0.95
-1.756779,31,8983.773925,False,0.95
-11.437962,31,8989.72409,False,0.95
-11.317463,31,8995.697454,False,0.95
61.057201,21,8999.772189,True,0.95
-6.647725,31,9005.75734,False,0.95
-10.811904,31,9011.709075,False,0.95
-18.968312,31,9017.678433,False,0.95
-5.131733,31,9023.68756,False,0.95
-16.783795,31,9029.648746,False,0.95
-3.630134,31,9035.60541,False,0.95
-3.86521,31,9041.494278,False,0.95
50.454113,1,9041.731158,True,0.95
-14.143406,31,9047.694055,False,0.95
-10.759013,31,9053.667401,False,0.95
1.451624,31,9059.632111,False,0.95
-4.03141,31,9065.555514,False,0.95
-13.284294,31,9071.538038,False,0.95
-3.014749,31,9077.468829,False,0.95
-0.143748,31,9083.412623,False,0.95
58.39861,16,9086.531482,True,0.95
-23.747549,32,9092.719797,False,0.95
61.863572,26,9097.761174,True,0.95
55.705841,12,9100.118562,True,0.95
52.781702,6,9101.326613,True,0.95
56.819858,13,9103.855108,True,0.95
61.069977,21,9107.938059,True,0.95
-11.137091,31,9113.973314,False,0.95
-4.318658,31,9119.946955,False,0.95
53.129155,7,9121.341023,True,0.95
60.022082,19,9125.041362,True,0.95
-5.49255,31,9131.018586,False,0.95
-9.736001,31,9141.112048,False,0.95
-4.432806,31,9147.079787,False,0.95
-0.596803,31,9153.06339,False,0.95
-12.093518,31,9159.051878,False,0.95
-24.832094,31,9165.021863,False,0.95
-6.300173,31,9170.999585,False,0.95
-5.713704,31,9176.989731,False,0.95
-25.321601,31,9182.954593,False,0.95
-12.767514,31,9188.94182,False,0.95
58.631721,17,9192.266801,True,0.95
57.830218,15,9195.192916,True,0.95
-21.508495,31,9201.170869,False,0.95
-18.072011,31,9207.160953,False,0.95
-4.910317,31,9213.151165,False,0.95
-5.586998,31,9219.165296,False,0.95
-23.852415,31,9225.176157,False,0.95
-9.278959,31,9231.155573,False,0.95
-3.933804,31,9237.179251,False,0.95
62.064748,23,9241.658818,True,0.95
-16.147456,31,9247.665945,False,0.95
58.203092,16,9250.797745,True,0.95
56.31816,12,9253.173186,True,0.95
-22.167984,31,9259.18626,False,0.95
-4.570543,31,9265.216213,False,0.95
56.755871,13,9267.778227,True,0.95
-8.213652,31,9273.801008,False,0.95
-0.603258,31,9279.816251,False,0.95
-14.675004,31,9285.827553,False,0.95
55.393472,11,9287.983628,True,0.95
56.304437,12,9290.343399,True,0.95
-0.579338,31,9296.352605,False,0.95
62.628553,24,9301.02209,True,0.95
61.520756,22,9305.340227,True,0.95
-13.541553,31,9311.336197,False,0.95
59.976034,19,9315.057887,True,0.95
-4.809407,31,9321.070297,False,0.95
-23.443559,32,9327.297651,False,0.95
53.305448,9,9329.083606,True,0.95
60.411638,21,9333.197925,True,0.95
-13.93812,31,9339.205758,False,0.95
-12.017945,31,9345.241031,False,0.95
-21.800736,31,9351.249682,False,0.95
55.960281,13,9353.831972,True,0.95
-7.753496,31,9359.978786,False,0.95
-18.542345,31,9366.204527,False,0.95
-8.065893,31,9372.23168,False,0.95
-2.153358,31,9378.30133,False,0.95
59.230635,18,9381.844698,True,0.95
-5.891491,31,9388.044275,False,0.95
54.584063,10,9390.042202,True,0.95
-5.192548,31,9396.105862,False,0.95
-7.38894,31,9402.152581,False,0.95
-8.565642,31,9408.167953,False,0.95
-6.802532,31,9414.207525,False,0.95
-10.474852,31,9420.255872,False,0.95
-24.748707,31,9426.292231,False,0.95
-3.720565,31,9432.327042,False,0.95
55.687328,11,9434.509158,True,0.95
-5.689565,31,9440.515966,False,0.95
-22.027999,31,9446.550831,False,0.95
-1.974173,31,9452.624244,False,0.95
-23.357771,31,9458.673049,False,0.95
-18.860724,31,9464.729697,False,0.95
-24.189381,31,9470.787391,False,0.95
-24.375517,31,9476.811404,False,0.95
57.905002,16,9479.994449,True,0.95
62.404098,28,9485.493033,True,0.95
-10.078655,31,9491.525461,False,0.95
-20.065568,31,9497.578592,False,0.95
-5.465031,31,9503.632953,False,0.95
-12.311484,31,9509.684242,False,0.95
-3.987784,31,9515.741833,False,0.95
-13.28473,31,9521.795497,False,0.95
57.113598,15,9524.761603,True,0.95
-7.663827,31,9530.850084,False,0.95
-13.223188,31,9537.103332,False,0.95
-0.225547,31,9547.281227,False,0.95
-13.413184,31,9553.332039,False,0.95
-24.542308,32,9559.611385,False,0.95
-1.251818,31,9565.700033,False,0.95
-4.696289,31,9571.753644,False,0.95
59.105104,18,9575.333328,True,0.95
-8.37056,31,9581.39359,False,0.95
-5.386309,31,9587.459014,False,0.95
-8.712447,31,9593.528689,False,0.95
54.843586,12,9595.930659,True,0.95
-8.260087,31,9601.999677,False,0.95
-4.608324,31,9608.088337,False,0.95
1.129098,31,9614.18582,False,0.95
-6.057999,31,9620.267912,False,0.95
-0.805561,31,9626.356203,False,0.95
-2.128229,31,9632.438649,False,0.95
-22.86332,31,9638.522683,False,0.95
-11.304288,31,9644.616254,False,0.95
-12.942005,31,9650.673619,False,0.95
61.616905,22,9655.043292,True,0.95
-24.330313,31,9661.096565,False,0.95
-1.843736,31,9667.2075,False,0.95
-0.30888,31,9673.273121,False,0.95
-5.991337,31,9679.363138,False,0.95
