#{"t_start": 1774356940.1518853, "env_id": "None"}
r,l,t,is_success,fusion_alpha
54.667076,12,2.933168,True,0.8
55.97119,12,5.07842,True,0.8
58.818243,22,8.888441,True,0.8
59.044577,22,12.780091,True,0.8
57.805068,20,16.259516,True,0.8
60.776983,22,20.070339,True,0.8
56.554266,14,22.543391,True,0.8
55.753243,16,25.324246,True,0.8
62.978398,28,30.048406,True,0.8
62.005588,68,41.795878,True,0.8
64.893836,54,51.235852,True,0.8
56.655524,33,56.993307,True,0.8
59.412595,20,60.505953,True,0.8
60.856608,25,64.810765,True,0.8
65.124139,33,71.435865,True,0.8
61.755168,68,85.397272,True,0.8
57.431914,19,89.179837,True,0.8
62.843483,28,94.793434,True,0.8
61.37528,23,99.449976,True,0.8
59.80996,20,103.51083,True,0.8
56.202433,25,108.462815,True,0.8
57.330849,14,111.277083,True,0.8
64.325137,53,121.927788,True,0.8
55.652223,13,124.560779,True,0.8
59.186566,22,129.06546,True,0.8
57.631585,19,132.941125,True,0.8
52.74482,6,134.194294,True,0.8
55.25934,13,136.815329,True,0.8
54.420996,10,138.865085,True,0.8
58.931525,41,147.058928,True,0.8
61.756226,25,152.054881,True,0.8
57.764245,17,155.529756,True,0.8
55.533205,13,158.182479,True,0.8
56.321049,15,161.23788,True,0.8
62.344996,27,166.742319,True,0.8
62.527814,26,172.025343,True,0.8
62.061559,25,177.198121,True,0.8
60.529534,64,190.355407,True,0.8
59.408154,22,194.916297,True,0.8
61.911977,26,200.293267,True,0.8
56.801308,22,204.825546,True,0.82
60.102897,22,209.37591,True,0.82
60.101484,22,213.970089,True,0.82
54.769128,9,215.882011,True,0.82
60.16653,23,220.639516,True,0.82
59.372933,54,231.675334,True,0.82
60.047244,24,236.554382,True,0.82
57.731098,64,249.754334,True,0.82
63.933048,30,255.934733,True,0.82
50.896813,26,261.303944,True,0.82
53.74574,10,263.400367,True,0.82
59.740164,22,267.927918,True,0.82
64.067244,31,274.322972,True,0.82
55.39411,39,282.349534,True,0.82
61.795538,23,287.046916,True,0.82
61.373388,25,292.23472,True,0.82
58.928771,19,296.19639,True,0.82
57.630449,19,300.0728,True,0.82
61.927113,27,305.424609,True,0.82
55.868757,43,314.266069,True,0.82
63.359212,29,320.102998,True,0.82
62.319265,24,325.073578,True,0.82
56.3007,17,328.606355,True,0.82
58.501154,19,333.092719,True,0.82
59.082948,24,338.049335,True,0.82
62.47948,28,343.909337,True,0.82
61.765811,69,358.110605,True,0.82
60.765011,25,362.995795,True,0.82
56.50629,13,365.675457,True,0.82
65.616716,53,376.446702,True,0.82
60.040999,22,380.977268,True,0.82
60.659996,26,386.065786,True,0.82
58.054559,35,393.189377,True,0.82
62.313336,24,398.071782,True,0.82
59.629496,22,402.660317,True,0.82
62.814308,27,408.234254,True,0.82
56.09354,54,429.415424,True,0.82
64.390042,31,435.745687,True,0.82
57.02804,14,438.628489,True,0.82
64.269139,31,444.961039,True,0.82
62.217552,26,450.34848,True,0.84
62.161219,28,456.085898,True,0.84
62.489933,37,463.713501,True,0.84
51.918249,53,474.579579,True,0.84
57.553818,18,478.307644,True,0.84
55.829163,11,480.598489,True,0.84
57.679301,16,483.929265,True,0.84
56.412084,61,496.443424,True,0.84
64.657627,32,503.037043,True,0.84
52.405576,26,508.35829,True,0.84
65.362398,74,523.578842,True,0.84
57.946718,15,526.688112,True,0.84
58.07311,21,531.029765,True,0.84
65.08945,33,537.894682,True,0.84
58.88454,22,542.7953,True,0.84
57.354604,17,546.371383,True,0.84
57.967636,18,550.116727,True,0.84
62.64046,30,556.506627,True,0.84
63.552612,30,562.572591,True,0.84
62.328731,24,567.310887,True,0.84
61.42045,28,572.710127,True,0.84
62.439787,25,577.804974,True,0.84
61.447208,27,583.177655,True,0.84
57.575655,22,587.514053,True,0.84
64.455001,73,602.411043,True,0.84
61.875105,27,607.770825,True,0.84
57.362117,66,620.704853,True,0.84
56.722065,19,624.460871,True,0.84
62.443887,25,629.385377,True,0.84
64.667884,44,638.055885,True,0.84
60.835153,29,643.827907,True,0.84
60.352682,22,648.342221,True,0.84
63.212594,28,654.042555,True,0.84
58.22131,21,658.321856,True,0.84
66.530144,37,665.626975,True,0.84
58.718469,21,669.783947,True,0.84
59.659065,22,674.200266,True,0.84
62.724386,43,682.730206,True,0.84
59.169523,19,686.524854,True,0.84
58.453342,19,690.337485,True,0.84
63.708165,57,701.61466,True,0.86
66.329241,37,709.109038,True,0.86
58.724171,18,712.820757,True,0.86
57.420947,21,717.135311,True,0.86
59.639984,19,721.13734,True,0.86
55.421443,17,724.675222,True,0.86
59.539345,18,728.356308,True,0.86
58.198634,23,733.081449,True,0.86
53.853318,8,734.752823,True,0.86
57.417631,17,738.272285,True,0.86
64.875908,53,749.068568,True,0.86
63.310906,29,755.017236,True,0.86
54.23507,8,756.692069,True,0.86
60.69389,24,761.575543,True,0.86
62.054901,25,766.753024,True,0.86
62.501648,27,772.305551,True,0.86
62.799639,28,778.035721,True,0.86
50.90957,2,778.483016,True,0.86
56.74315,68,792.209972,True,0.86
63.130549,32,799.959725,True,0.86
57.497287,20,805.650156,True,0.86
57.311964,16,809.001092,True,0.86
56.759668,22,813.573569,True,0.86
62.92793,29,819.308679,True,0.86
61.531238,67,832.895092,True,0.86
57.556682,15,836.000959,True,0.86
64.197669,33,854.414382,True,0.86
60.185174,20,858.556769,True,0.86
53.710839,53,869.317353,True,0.86
58.664973,63,881.958188,True,0.86
64.652767,34,888.848212,True,0.86
59.313623,27,894.347635,True,0.86
55.629941,57,905.962257,True,0.86
55.991968,68,919.70419,True,0.86
62.528135,26,924.966149,True,0.86
56.538374,17,928.433127,True,0.86
64.96348,77,943.90302,True,0.86
62.156041,26,949.117971,True,0.86
60.172681,23,953.757419,True,0.86
60.337449,23,958.405697,True,0.86
60.858989,74,973.085745,True,0.88
68.518344,179,1009.062532,True,0.88
64.16483,35,1016.024117,True,0.88
64.640297,89,1033.862231,True,0.88
58.342404,49,1043.559724,True,0.88
56.413177,70,1057.299608,True,0.88
54.807993,12,1059.717324,True,0.88
56.794173,15,1062.739652,True,0.88
60.009745,65,1075.497428,True,0.88
56.162841,197,1114.784368,True,0.88
66.731947,119,1138.134495,True,0.88
55.800432,11,1140.356415,True,0.88
58.258638,124,1164.950085,True,0.88
61.173056,89,1182.522611,True,0.88
61.639551,25,1187.544354,True,0.88
61.660101,75,1202.616803,True,0.88
57.066981,19,1206.544992,True,0.88
61.608422,25,1212.071604,True,0.88
58.032465,127,1239.100088,True,0.88
56.421946,16,1242.550908,True,0.88
64.804043,37,1250.598954,True,0.88
57.668334,16,1254.142258,True,0.88
62.841953,88,1290.862362,True,0.88
58.228058,17,1294.589677,True,0.88
63.543848,29,1300.63888,True,0.88
56.473437,62,1313.835139,True,0.88
62.592519,133,1341.348994,True,0.88
62.285817,24,1346.216846,True,0.88
59.714744,25,1351.230342,True,0.88
57.567785,32,1358.331666,True,0.88
59.508775,30,1364.656081,True,0.88
75.712574,229,1413.409784,True,0.88
57.508851,114,1437.835344,True,0.88
60.845345,73,1453.354576,True,0.88
61.031055,30,1459.627712,True,0.88
58.841231,19,1463.615763,True,0.88
60.570291,35,1471.010472,True,0.88
53.405222,58,1483.522654,True,0.88
55.286885,13,1486.333553,True,0.88
53.888034,46,1495.859147,True,0.88
63.104971,30,1502.144432,True,0.9
59.976674,122,1528.098855,True,0.9
58.48576,22,1532.916577,True,0.9
64.703309,150,1563.389402,True,0.9
57.01783,20,1567.435206,True,0.9
62.372912,182,1604.008931,True,0.9
61.26728,28,1609.622215,True,0.9
69.748194,315,1674.400656,True,0.9
57.937945,104,1695.619342,True,0.9
63.800111,89,1739.546864,True,0.9
50.532482,35,1747.167586,True,0.9
59.769103,132,1775.627773,True,0.9
58.314687,18,1779.73118,True,0.9
60.914377,29,1786.069315,True,0.9
57.694789,75,1802.363724,True,0.9
55.284019,60,1815.648197,True,0.9
65.267674,198,1858.822342,True,0.9
58.768718,22,1863.681382,True,0.9
71.973097,121,1890.523846,True,0.9
57.638649,28,1896.506135,True,0.9
59.884561,78,1913.426642,True,0.9
62.834677,31,1920.401283,True,0.9
59.15118,27,1926.667274,True,0.9
61.499871,98,1948.195222,True,0.9
62.842756,38,1956.474399,True,0.9
57.947746,18,1960.471707,True,0.9
59.708527,22,1965.345462,True,0.9
57.684143,68,1980.106365,True,0.9
55.696794,18,1984.164082,True,0.9
52.688784,6,1985.5587,True,0.9
61.095908,26,1991.163837,True,0.9
58.940906,20,1995.528342,True,0.9
59.70531,22,2000.358675,True,0.9
57.985599,18,2004.284338,True,0.9
61.946874,24,2009.734903,True,0.9
59.503579,22,2015.231665,True,0.9
53.060588,17,2018.951578,True,0.9
59.703618,84,2037.217497,True,0.9
64.768094,259,2093.699317,True,0.9
63.099572,30,2100.45455,True,0.9
63.53183,136,2129.824406,True,0.92
54.323335,61,2143.077297,True,0.92
70.104614,317,2233.03548,True,0.92
71.384984,455,2325.076936,True,0.92
57.839032,186,2363.028828,True,0.92
53.374789,59,2375.037115,True,0.92
62.231531,131,2401.583116,True,0.92
62.179035,137,2430.921809,True,0.92
68.890336,318,2497.023759,True,0.92
65.570574,174,2533.192317,True,0.92
60.089081,76,2548.82486,True,0.92
56.886848,128,2575.360322,True,0.92
58.181763,180,2612.799365,True,0.92
56.936853,67,2626.797545,True,0.92
69.490588,266,2707.430641,True,0.92
62.155836,122,2733.527159,True,0.92
59.471631,376,2812.708339,True,0.92
59.98402,24,2817.792413,True,0.92
72.024123,461,2912.201796,True,0.92
62.024912,60,2924.492872,True,0.92
54.138566,137,2953.321236,True,0.92
54.553943,63,2966.425917,True,0.92
55.279035,62,2979.134859,True,0.92
64.650495,191,3018.776334,True,0.92
67.548587,302,3103.972125,True,0.92
64.779418,238,3153.113885,True,0.92
63.825738,144,3183.207294,True,0.92
62.009194,28,3189.099362,True,0.92
58.554137,20,3193.316283,True,0.92
56.242146,80,3209.919325,True,0.92
58.717375,18,3213.696483,True,0.92
61.166618,129,3241.122955,True,0.92
61.456459,60,3253.89529,True,0.92
55.523079,64,3267.132531,True,0.92
61.527543,27,3272.688495,True,0.92
63.480532,150,3303.370143,True,0.92
59.962915,88,3321.537146,True,0.92
66.919911,218,3366.061489,True,0.92
69.279343,257,3418.931198,True,0.92
59.511194,83,3436.571795,True,0.92
62.049042,84,3453.826405,True,0.94
65.448983,250,3505.057436,True,0.94
61.492287,254,3579.930603,True,0.94
66.838143,206,3622.814961,True,0.94
61.766031,187,3661.87292,True,0.94
61.57419,194,3701.997044,True,0.94
62.64122,194,3741.361388,True,0.94
55.818372,118,3765.029011,True,0.94
58.128697,21,3769.225493,True,0.94
61.933146,80,3785.177334,True,0.94
62.281237,579,3900.973994,True,0.94
57.997286,128,3927.319998,True,0.94
55.236907,266,4001.371167,True,0.94
56.627231,168,4035.822526,True,0.94
66.093072,320,4101.589974,True,0.94
58.50566,180,4138.602494,True,0.94
56.648616,17,4142.125451,True,0.94
59.501909,128,4168.518595,True,0.94
64.352073,254,4221.402669,True,0.94
62.473264,143,4250.561333,True,0.94
62.342656,294,4312.323011,True,0.94
64.005215,160,4347.511498,True,0.94
74.513744,414,4463.33418,True,0.94
67.281583,160,4497.087477,True,0.94
56.924671,70,4511.432613,True,0.94
71.662764,258,4564.321026,True,0.94
59.292953,140,4593.125723,True,0.94
65.116621,211,4637.26803,True,0.94
66.661609,319,4704.563333,True,0.94
61.888958,194,4745.06874,True,0.94
67.255133,272,4801.217289,True,0.94
66.096664,105,4823.282861,True,0.94
67.512389,328,4919.289505,True,0.94
65.552047,106,4941.946324,True,0.94
56.11091,80,4958.267262,True,0.94
61.537488,146,4988.646832,True,0.94
56.451924,72,5003.405896,True,0.94
59.444954,84,5020.555091,True,0.94
64.931271,383,5098.731892,True,0.94
58.153095,128,5124.747329,True,0.94
50.4018,1,5125.019745,True,0.96
71.763054,597,5246.880306,True,0.96
10.127297,600,5387.691877,False,0.96
12.509402,600,5513.838616,False,0.96
55.811036,126,5541.039696,True,0.96
67.000535,474,5641.009572,True,0.96
2.888899,600,5781.989915,False,0.96
9.278076,600,5912.115175,False,0.96
64.447959,493,6021.848355,True,0.96
68.415071,559,6144.280324,True,0.96
65.451415,326,6213.518846,True,0.96
1.370962,600,6355.48074,False,0.96
-3.362932,600,6478.817894,False,0.96
1.506068,600,6605.75195,False,0.96
3.783553,600,6748.068727,False,0.96
-7.722633,600,6873.385375,False,0.96
0.614797,600,6997.78419,False,0.96
5.472154,600,7136.490997,False,0.96
2.397407,600,7261.240708,False,0.96
9.125959,600,7387.753359,False,0.96
0.927132,600,7513.380045,False,0.96
61.924591,509,7637.312815,True,0.96
-0.738299,600,7763.39563,False,0.96
0.799831,600,7890.675306,False,0.96
55.410658,166,7925.819417,True,0.96
10.281229,600,8067.947797,False,0.96
7.384487,600,8195.341743,False,0.96
2.295526,600,8324.471708,False,0.96
7.153659,600,8453.668032,False,0.96
5.181317,600,8603.462494,False,0.96
5.293872,600,8735.43022,False,0.96
-2.099974,600,8867.788234,False,0.96
2.161686,600,9015.598347,False,0.96
-2.675755,600,9148.070657,False,0.96
4.172531,600,9278.726439,False,0.96
7.752459,600,9424.344879,False,0.96
8.293001,600,9557.226919,False,0.96
-1.099365,600,9690.405882,False,0.96
8.481131,600,9828.090909,False,0.96
6.904262,600,9990.698442,False,0.96
7.322384,600,10127.030714,False,0.96
0.018256,600,10262.752051,False,0.96
4.384554,600,10417.572355,False,0.96
7.461145,600,10559.193507,False,0.96
12.262081,600,10702.766294,False,0.96
12.142362,600,10847.454795,False,0.96
11.20131,600,11014.328143,False,0.96
4.378982,600,11160.929024,False,0.96
0.774377,600,11307.24436,False,0.96
-1.873439,600,11472.259058,False,0.96
3.048205,600,11621.458903,False,0.96
1.369826,600,11770.500365,False,0.96
4.30259,600,11942.266148,False,0.96
12.394327,600,12091.005812,False,0.96
2.07168,600,12242.244595,False,0.96
12.826168,600,12394.595113,False,0.96
5.302542,600,12569.759263,False,0.96
12.157162,600,12719.593558,False,0.96
8.536251,600,12870.908701,False,0.96
8.42755,600,13044.603344,False,0.96
54.599592,115,13078.791416,True,0.96
8.43452,600,13233.496083,False,0.96
65.106594,537,13367.981379,True,0.96
55.01581,360,13458.379359,True,0.96
56.17874,176,13502.626175,True,0.96
4.290264,600,13685.114939,False,0.96
68.594662,486,13807.971857,True,0.96
73.588525,579,13955.912087,True,0.96
68.981147,466,14073.11436,True,0.96
66.623425,583,14241.163527,True,0.96
60.313825,182,14287.049849,True,0.96
57.257042,122,14318.461194,True,0.96
57.524567,75,14337.636323,True,0.96
65.309783,312,14417.574467,True,0.96
61.729906,506,14546.101681,True,0.96
55.65388,176,14590.849599,True,0.96
59.148963,167,14656.89424,True,0.96
59.29253,132,14691.009866,True,0.96
67.605795,217,14746.162911,True,0.96
58.531532,93,14769.92567,True,0.96
59.74243,186,14817.29909,True,0.96
71.577513,396,14918.298991,True,0.96
63.499784,216,14973.107724,True,0.96
60.200692,258,15039.608509,True,0.96
61.97083,146,15076.752312,True,0.96
62.45004,254,15141.89185,True,0.96
61.328368,140,15211.312096,True,0.96
58.051402,181,15257.754547,True,0.96
56.775513,223,15315.602316,True,0.96
60.427623,157,15355.930374,True,0.96
61.886302,261,15423.366378,True,0.96
55.050449,39,15433.450165,True,0.96
67.246321,336,15520.184375,True,0.96
62.905399,142,15556.771198,True,0.96
60.492293,247,15621.188766,True,0.96
65.94364,272,15691.199321,True,0.96
65.559,271,15796.801429,True,0.96
67.00346,243,15859.805234,True,0.96
63.343325,145,15897.498235,True,0.96
63.213041,88,15920.897016,True,0.96
63.74957,217,15977.048707,True,0.96
59.109801,34,15986.020798,True,0.96
56.651197,77,16006.27168,True,0.96
59.363318,134,16041.591776,True,0.96
65.375616,226,16100.493247,True,0.96
62.565848,167,16144.449222,True,0.96
57.776372,83,16166.309232,True,0.96
60.811624,149,16205.706533,True,0.96
65.657579,229,16266.947814,True,0.96
61.23913,144,16345.024401,True,0.96
57.572516,76,16366.040363,True,0.96
62.176807,86,16390.275176,True,0.96
60.501186,86,16415.076164,True,0.96
57.37946,24,16421.935787,True,0.96
63.144154,44,16433.958695,True,0.96
60.369865,151,16474.514996,True,0.96
59.853141,148,16513.9338,True,0.96
67.609464,239,16578.213931,True,0.96
67.996012,166,16622.627503,True,0.96
60.562217,99,16649.429483,True,0.96
58.395849,203,16705.655579,True,0.96
53.853472,15,16709.8038,True,0.96
67.499939,244,16775.140588,True,0.96
55.528197,19,16780.310477,True,0.96
65.128273,118,16811.807374,True,0.96
57.399914,130,16846.562183,True,0.96
58.845592,170,16892.241854,True,0.96
58.368897,132,16960.161681,True,0.96
62.292737,166,17004.713678,True,0.96
62.033271,200,17060.70769,True,0.96
52.56875,5,17062.218044,True,0.96
60.529902,176,17113.043965,True,0.96
56.243797,73,17133.908607,True,0.96
56.856584,81,17156.7622,True,0.96
60.575009,207,17215.024766,True,0.96
59.431597,88,17240.86054,True,0.96
68.847056,162,17288.904197,True,0.96
57.135897,73,17310.541765,True,0.96
55.812029,65,17330.570663,True,0.96
66.148107,129,17366.614659,True,0.96
63.684042,94,17392.714755,True,0.96
55.769354,20,17398.37871,True,0.96
60.400871,87,17422.237788,True,0.96
62.400734,97,17449.016118,True,0.96
59.510184,84,17472.542234,True,0.96
58.273772,87,17496.596711,True,0.96
54.594317,22,17502.790809,True,0.96
60.925349,47,17543.994617,True,0.96
63.593914,112,17574.013929,True,0.96
61.492684,87,17597.732931,True,0.96
59.650768,139,17635.524395,True,0.96
58.863276,67,17653.758515,True,0.96
57.472486,84,17676.743848,True,0.96
58.527546,151,17717.68409,True,0.96
66.721234,111,17748.28159,True,0.96
61.620682,28,17756.163526,True,0.96
59.363628,106,17785.854591,True,0.96
56.256195,16,17790.284842,True,0.96
62.678396,86,17813.746328,True,0.96
61.329976,28,17821.400178,True,0.96
65.866489,117,17853.332598,True,0.96
63.701736,172,17900.265633,True,0.96
59.98128,35,17909.961186,True,0.96
60.174037,106,17939.490192,True,0.96
65.481885,143,17978.619081,True,0.96
57.928793,88,18002.825253,True,0.96
62.528859,175,18050.81002,True,0.96
58.869343,103,18079.163227,True,0.96
64.625096,194,18161.184218,True,0.96
61.219585,197,18215.436747,True,0.96
57.854994,20,18220.971543,True,0.96
63.898983,42,18232.579843,True,0.96
61.686679,30,18240.870826,True,0.96
59.740482,22,18246.990595,True,0.96
65.478559,143,18287.130413,True,0.96
59.281421,20,18292.671692,True,0.96
61.049039,166,18338.605605,True,0.96
60.034095,22,18344.786811,True,0.96
63.76815,95,18371.025024,True,0.96
59.515451,28,18378.799932,True,0.96
58.27024,93,18404.673241,True,0.96
58.55174,85,18428.291604,True,0.96
58.412868,19,18433.580471,True,0.96
61.045806,24,18440.263386,True,0.96
66.798395,129,18475.920078,True,0.96
56.755424,15,18480.136576,True,0.96
58.072381,97,18507.155757,True,0.96
69.625518,174,18555.430793,True,0.96
61.924837,106,18585.003389,True,0.96
60.529607,114,18616.757819,True,0.96
64.665848,115,18649.288783,True,0.96
55.829055,18,18654.326952,True,0.96
64.35734,110,18684.759884,True,0.96
56.023729,84,18738.107248,True,0.96
59.520715,109,18768.486147,True,0.96
62.613897,28,18776.324866,True,0.96
53.474106,98,18803.663603,True,0.96
57.547581,84,18827.104491,True,0.96
62.656524,171,18874.690509,True,0.96
63.032408,31,18883.403114,True,0.96
55.609803,15,18887.65147,True,0.96
54.470692,103,18916.474013,True,0.96
50.015797,86,18940.538682,True,0.96
54.176427,84,18964.679228,True,0.96
64.431324,190,19017.818482,True,0.96
66.559085,43,19029.838077,True,0.96
56.458118,90,19055.135099,True,0.96
58.303228,23,19061.646551,True,0.96
62.542893,162,19107.279105,True,0.96
64.546452,47,19120.602783,True,0.96
56.355393,16,19125.145778,True,0.96
55.981627,87,19149.67515,True,0.96
61.911922,31,19158.466008,True,0.96
55.221343,13,19162.206085,True,0.96
66.566856,226,19225.852998,True,0.96
61.545107,203,19283.231652,True,0.96
64.2125,36,19293.451965,True,0.96
58.68791,89,19350.909759,True,0.96
60.717565,25,19358.091207,True,0.96
65.1363,137,19396.833138,True,0.96
56.797985,18,19402.002589,True,0.96
54.124632,83,19425.611681,True,0.96
67.286761,76,19447.101818,True,0.96
57.404348,108,19477.745409,True,0.96
62.309084,118,19511.028677,True,0.96
61.673749,29,19519.379468,True,0.96
59.894076,28,19527.34081,True,0.96
61.679282,108,19558.054409,True,0.96
54.991517,16,19562.624598,True,0.96
55.184092,71,19582.781306,True,0.96
58.003766,19,19588.207924,True,0.96
55.505874,15,19592.51426,True,0.96
-9.884759,159,19637.441552,False,0.96
59.647927,25,19644.582514,True,0.96
59.089972,25,19651.724325,True,0.96
61.263946,26,19659.741137,True,0.96
62.747962,78,19681.94597,True,0.96
58.788006,30,19690.511742,True,0.96
60.409355,104,19720.05927,True,0.96
63.048213,91,19745.95522,True,0.96
61.481417,32,19755.135558,True,0.96
56.613282,114,19787.471945,True,0.96
56.057727,88,19812.65797,True,0.96
60.028846,39,19823.790229,True,0.96
63.785226,99,19852.026607,True,0.96
60.199496,28,19860.051527,True,0.96
57.665384,80,19882.811753,True,0.96
65.624817,82,19906.208657,True,0.96
53.298959,57,19948.920271,True,0.96
55.181409,89,19974.360773,True,0.96
57.403627,33,19983.831779,True,0.96
59.196544,24,19990.751527,True,0.96
63.73755,33,20000.234807,True,0.96
55.562727,16,20005.338115,True,0.96
50.029547,36,20015.977659,True,0.96
61.604423,29,20024.242854,True,0.96
56.483137,23,20030.930218,True,0.96
62.701227,34,20040.657429,True,0.96
58.775802,29,20048.97026,True,0.96
57.077919,20,20054.788679,True,0.96
62.78021,28,20062.911422,True,0.96
61.408622,104,20092.72243,True,0.96
63.383155,131,20130.314898,True,0.96
64.395125,203,20188.60213,True,0.96
59.699819,26,20196.116334,True,0.96
61.439852,118,20230.084372,True,0.96
62.510217,46,20243.383659,True,0.96
59.036445,25,20250.701013,True,0.96
63.01466,100,20279.472132,True,0.96
55.212926,94,20306.555909,True,0.96
63.517834,30,20315.226285,True,0.96
62.800763,111,20347.788047,True,0.96
50.233339,78,20370.93336,True,0.96
59.901069,21,20377.074382,True,0.96
61.993153,31,20386.107446,True,0.96
54.573344,96,20413.883291,True,0.96
56.778827,18,20419.132215,True,0.96
63.468782,98,20447.505937,True,0.96
62.589636,29,20455.916738,True,0.96
64.743394,110,20487.694149,True,0.96
57.012775,17,20492.689454,True,0.96
59.303783,22,20499.047443,True,0.96
54.969713,16,20503.754272,True,0.96
57.820607,20,20509.576244,True,0.96
56.509989,105,20565.206653,True,0.96
59.741072,23,20571.901844,True,0.96
58.312045,32,20581.095918,True,0.96
63.272251,31,20590.087363,True,0.96
60.233949,27,20597.942887,True,0.96
55.057776,18,20603.194835,True,0.96
63.617701,118,20637.237449,True,0.96
62.721319,31,20646.250573,True,0.96
61.67612,31,20655.193356,True,0.96
58.335034,20,20661.02175,True,0.96
50.506451,1,20661.389918,True,0.96
60.230726,21,20667.525508,True,0.96
61.578961,27,20675.286483,True,0.96
60.589073,107,20706.230042,True,0.96
62.589301,29,20714.620421,True,0.96
62.887075,60,20732.530375,True,0.96
62.447084,32,20741.8212,True,0.96
63.061989,38,20752.837768,True,0.96
55.620315,109,20784.449604,True,0.96
58.645899,81,20808.028059,True,0.96
55.203984,123,20843.719881,True,0.96
57.830074,24,20850.741047,True,0.96
63.697162,154,20895.3822,True,0.96
62.538962,29,20903.854836,True,0.96
64.107902,33,20913.439018,True,0.96
64.33194,150,20957.076575,True,0.96
57.172465,22,20963.610545,True,0.96
58.915613,24,20970.650259,True,0.96
57.019103,18,20975.939391,True,0.96
59.180223,98,21004.450949,True,0.96
61.247492,29,21012.898611,True,0.96
52.486568,83,21037.150509,True,0.96
57.95401,22,21043.610812,True,0.96
60.698281,105,21074.236229,True,0.96
60.29609,22,21081.327979,True,0.96
61.238221,24,21088.403897,True,0.96
61.589655,29,21096.983512,True,0.96
64.335604,102,21126.867854,True,0.96
62.965671,29,21135.360242,True,0.96
69.266577,243,21232.839015,True,0.96
61.298326,29,21241.395177,True,0.96
55.076271,133,21280.269302,True,0.96
60.930344,25,21287.61354,True,0.96
63.424132,121,21323.024585,True,0.96
65.8836,39,21334.480657,True,0.96
56.888718,21,21340.727309,True,0.96
54.905034,15,21345.185405,True,0.96
62.88808,28,21353.399654,True,0.96
57.432852,128,21390.953907,True,0.96
66.897657,39,21402.456504,True,0.96
56.876174,22,21408.955264,True,0.96
58.677774,18,21414.306705,True,0.96
63.200048,122,21450.636694,True,0.96
53.726201,86,21476.00285,True,0.96
56.998583,18,21481.368808,True,0.96
57.153729,93,21508.717147,True,0.96
59.444979,21,21514.969362,True,0.96
64.567734,123,21551.113411,True,0.96
57.511153,24,21558.206068,True,0.96
60.955738,23,21565.002377,True,0.96
58.84513,21,21571.220392,True,0.96
59.486148,21,21577.477604,True,0.96
53.944141,85,21602.508946,True,0.96
60.834318,25,21609.934438,True,0.96
60.403112,24,21617.085496,True,0.96
64.842562,33,21626.803874,True,0.96
64.510857,112,21659.842115,True,0.96
53.413879,115,21693.888875,True,0.96
58.059564,28,21702.15079,True,0.96
63.423391,114,21735.915459,True,0.96
59.011115,105,21766.93649,True,0.96
62.178395,33,21776.694243,True,0.96
57.552499,81,21829.482301,True,0.96
64.248053,97,21858.152494,True,0.96
62.692367,27,21866.210628,True,0.96
60.310214,22,21872.788118,True,0.96
59.4469,21,21879.039148,True,0.96
57.443477,101,21908.805007,True,0.96
61.056914,26,21916.589317,True,0.96
58.410503,19,21922.320011,True,0.96
57.333491,23,21929.177873,True,0.96
54.442891,10,21932.235339,True,0.96
66.010109,56,21948.827081,True,0.96
59.827824,109,21981.002135,True,0.96
62.834848,147,22024.466916,True,0.96
60.505723,40,22036.412987,True,0.96
54.643533,54,22052.485809,True,0.96
63.78029,97,22081.320524,True,0.96
57.946555,20,22087.304588,True,0.96
61.467659,91,22114.320682,True,0.96
57.126959,99,22143.70513,True,0.96
54.639954,33,22153.551121,True,0.96
56.718896,16,22158.358773,True,0.96
57.014428,92,22185.785813,True,0.96
59.81194,109,22218.70829,True,0.96
61.963782,25,22226.238808,True,0.96
58.173444,17,22231.324622,True,0.96
54.800071,114,22265.836316,True,0.96
58.799295,22,22272.530699,True,0.96
56.74234,18,22278.013971,True,0.96
54.334436,100,22308.244891,True,0.96
62.010442,163,22357.417315,True,0.96
59.245161,19,22363.158404,True,0.96
52.655026,76,22385.866865,True,0.96
62.087138,29,22394.570713,True,0.96
59.799617,26,22402.376642,True,0.96
57.537683,99,22458.523769,True,0.96
60.150345,20,22464.563247,True,0.96
62.917028,51,22479.78699,True,0.96
60.393298,77,22502.782894,True,0.96
58.992336,24,22510.023566,True,0.96
68.788577,122,22546.515551,True,0.96
62.045284,29,22555.206587,True,0.96
63.279335,33,22565.15619,True,0.96
56.866625,85,22591.176615,True,0.96
57.319809,19,22596.92036,True,0.96
59.058626,66,22616.726463,True,0.96
56.82005,19,22622.516309,True,0.96
60.320463,102,22653.067443,True,0.96
53.038097,78,22676.49108,True,0.96
59.757156,24,22683.785644,True,0.96
56.214436,17,22688.917608,True,0.96
62.790639,32,22698.523723,True,0.96
56.112231,100,22728.649484,True,0.96
63.094084,120,22764.847802,True,0.96
58.655336,93,22793.092843,True,0.96
61.820237,77,22817.160247,True,0.96
58.133102,26,22825.095671,True,0.96
56.133965,19,22830.848594,True,0.96
58.85232,21,22837.230686,True,0.96
64.734302,146,22881.172286,True,0.96
60.280593,28,22889.610862,True,0.96
53.239783,7,22891.768446,True,0.96
51.393703,64,22911.113361,True,0.96
54.001784,9,22913.921702,True,0.96
56.692397,56,22930.929041,True,0.96
59.804817,32,22940.667953,True,0.96
54.600201,95,22969.929851,True,0.96
50.458211,1,22970.310041,True,0.96
65.257188,96,22999.299981,True,0.96
62.575143,119,23035.192036,True,0.96
58.988589,23,23042.160599,True,0.96
57.799632,18,23047.657913,True,0.96
57.25929,16,23052.549424,True,0.96
65.719305,142,23121.193838,True,0.96
55.691076,15,23125.801442,True,0.96
60.656358,32,23135.582045,True,0.96
54.33507,9,23138.401587,True,0.96
59.689113,75,23161.181196,True,0.96
54.18831,10,23164.271932,True,0.96
61.061423,56,23181.328371,True,0.96
64.448659,32,23191.019285,True,0.96
61.248472,25,23198.686231,True,0.96
58.716516,46,23212.640499,True,0.96
56.02163,17,23217.899428,True,0.96
56.983627,90,23245.169903,True,0.96
54.521254,56,23262.218109,True,0.96
62.479564,33,23272.294255,True,0.96
54.737438,81,23296.960694,True,0.96
59.894795,37,23308.264418,True,0.96
60.27134,25,23315.994056,True,0.96
53.962907,87,23343.021312,True,0.96
57.923161,92,23371.126204,True,0.96
55.064935,14,23375.430472,True,0.96
56.787681,20,23381.617541,True,0.96
62.151175,117,23417.440251,True,0.96
61.771753,30,23426.555705,True,0.96
58.288905,21,23433.119582,True,0.96
59.85497,27,23441.372464,True,0.96
58.670926,21,23447.812065,True,0.96
63.697376,36,23458.851194,True,0.96
61.006054,25,23466.482145,True,0.96
65.567308,82,23491.627654,True,0.96
56.274114,54,23508.083772,True,0.96
58.189707,21,23514.554793,True,0.96
59.015157,20,23520.78086,True,0.96
61.737921,27,23529.16394,True,0.96
59.651034,94,23557.990231,True,0.96
57.25718,20,23564.115813,True,0.96
60.345275,21,23570.628684,True,0.96
62.753616,28,23579.227299,True,0.96
58.93271,133,23620.215147,True,0.96
49.968844,1,23620.608387,True,0.96
61.725578,71,23642.316256,True,0.96
63.291454,33,23652.478671,True,0.96
56.373339,39,23664.517937,True,0.96
56.826551,131,23704.523049,True,0.96
53.824549,8,23707.065509,True,0.96
58.997854,83,23757.029912,True,0.96
57.485437,83,23782.344135,True,0.96
59.648435,20,23788.544708,True,0.96
62.154084,26,23796.554766,True,0.96
58.912962,24,23803.941797,True,0.96
55.186386,15,23808.63892,True,0.96
66.339632,123,23846.327461,True,0.96
66.175236,44,23859.788584,True,0.96
55.652508,68,23880.657775,True,0.96
51.019591,2,23881.342436,True,0.96
63.746073,32,23891.234474,True,0.96
61.171594,26,23899.18235,True,0.96
56.885205,16,23904.116527,True,0.96
56.440547,83,23929.621473,True,0.96
61.887776,91,23957.606342,True,0.96
59.032306,75,23980.654867,True,0.96
60.754198,24,23988.112627,True,0.96
62.049701,35,23998.857221,True,0.96
57.820316,93,24027.609003,True,0.96
66.756036,149,24073.508185,True,0.96
61.116468,35,24084.364453,True,0.96
60.003203,22,24091.218583,True,0.96
57.375304,93,24120.493263,True,0.96
50.130309,1,24120.903985,True,0.96
63.111519,156,24169.110406,True,0.96
57.957813,23,24176.231578,True,0.96
56.321902,53,24192.678527,True,0.96
56.260941,75,24215.905231,True,0.96
59.456974,96,24245.58046,True,0.96
57.926778,85,24271.750577,True,0.96
65.104634,64,24291.608276,True,0.96
60.55762,27,24300.05786,True,0.96
55.196978,66,24320.578153,True,0.96
62.310047,27,24329.081651,True,0.96
60.264301,102,24360.761819,True,0.96
54.101402,81,24410.309592,True,0.96
60.895173,26,24418.423111,True,0.96
58.567557,24,24425.855617,True,0.96
59.576239,105,24458.375606,True,0.96
56.557108,14,24462.772585,True,0.96
57.225876,21,24469.329594,True,0.96
56.41598,14,24473.72838,True,0.96
61.066592,21,24480.312673,True,0.96
62.192098,45,24494.842887,True,0.96
55.642066,14,24499.242922,True,0.96
54.663458,18,24504.87067,True,0.96
63.536271,216,24571.858173,True,0.96
56.237903,14,24576.287803,True,0.96
55.691098,85,24602.68519,True,0.96
60.895907,30,24612.050647,True,0.96
64.545824,37,24623.635978,True,0.96
63.071917,28,24632.369734,True,0.96
63.38714,110,24666.387127,True,0.96
56.988809,69,24687.823905,True,0.96
52.710473,6,24689.770007,True,0.96
65.759764,137,24732.448035,True,0.96
50.509011,1,24732.840098,True,0.96
60.290451,70,24754.707248,True,0.96
59.299938,96,24784.579597,True,0.96
59.701304,20,24790.938711,True,0.96
64.046775,33,24801.238492,True,0.96
64.057154,31,24810.991828,True,0.96
58.614161,47,24825.566347,True,0.96
58.171884,18,24831.261873,True,0.96
60.784923,30,24840.632151,True,0.96
54.644472,15,24845.323905,True,0.96
61.411048,26,24853.490451,True,0.96
61.507435,84,24879.646165,True,0.96
57.570479,91,24908.504493,True,0.96
56.47475,76,24932.22638,True,0.96
62.814056,102,24964.038453,True,0.96
62.922655,202,25027.209664,True,0.96
64.474419,35,25038.146852,True,0.96
57.288149,105,25100.613869,True,0.96
57.842343,18,25106.339384,True,0.96
63.013977,32,25116.457422,True,0.96
58.194878,94,25145.884241,True,0.96
58.934149,33,25156.325933,True,0.96
63.353285,32,25166.39649,True,0.96
58.123045,20,25172.761259,True,0.96
68.959586,48,25187.915004,True,0.96
66.146954,39,25200.127236,True,0.96
63.982688,281,25289.086742,True,0.96
61.775511,31,25298.840039,True,0.96
59.964119,25,25306.776176,True,0.96
66.975155,59,25325.495159,True,0.96
58.258754,21,25332.182305,True,0.96
62.131454,29,25341.34124,True,0.96
62.706753,217,25409.839916,True,0.96
66.142632,40,25422.437546,True,0.96
64.063509,34,25433.229017,True,0.96
71.04665,212,25500.198286,True,0.96
61.975855,28,25509.045012,True,0.96
59.710244,20,25515.386767,True,0.96
54.369392,14,25519.85915,True,0.96
55.544941,12,25523.700171,True,0.96
62.196519,26,25531.936304,True,0.96
58.522028,19,25537.93287,True,0.96
56.421314,70,25560.070839,True,0.96
61.395328,30,25569.553781,True,0.96
65.176653,40,25582.185257,True,0.96
66.757022,65,25602.727924,True,0.96
57.33779,76,25626.822383,True,0.96
65.982394,122,25665.892404,True,0.96
57.849659,89,25693.954279,True,0.96
54.786644,10,25697.222447,True,0.96
63.836361,36,25708.626397,True,0.96
67.521555,43,25722.291312,True,0.96
57.011265,17,25758.387851,True,0.96
59.563807,19,25764.465046,True,0.96
64.444128,35,25775.57061,True,0.96
63.407667,31,25785.410381,True,0.96
57.364514,70,25807.555756,True,0.96
55.291769,14,25812.053883,True,0.96
64.400613,114,25848.202183,True,0.96
55.284119,13,25852.373829,True,0.96
63.588365,32,25862.632715,True,0.96
61.871591,31,25872.461066,True,0.96
59.222458,23,25879.901883,True,0.96
63.521507,36,25891.46498,True,0.96
60.42961,25,25899.517888,True,0.96
62.710717,28,25908.435829,True,0.96
60.833217,27,25916.991099,True,0.96
59.37108,97,25947.974297,True,0.96
62.953102,204,26012.625279,True,0.96
57.715308,99,26044.289676,True,0.96
55.570512,23,26052.22544,True,0.96
58.896543,75,26076.248706,True,0.96
61.326805,23,26083.610027,True,0.96
58.950194,25,26091.61602,True,0.96
54.491491,15,26096.501426,True,0.96
52.507781,66,26117.544117,True,0.96
60.74549,25,26125.550259,True,0.96
63.231039,29,26134.877026,True,0.96
64.352035,32,26145.12917,True,0.96
60.229132,31,26155.099268,True,0.96
56.754003,58,26173.658689,True,0.96
65.380685,37,26185.485366,True,0.96
56.969431,22,26192.564979,True,0.96
64.041297,35,26203.837748,True,0.96
56.10793,16,26208.99754,True,0.96
59.111292,30,26218.674065,True,0.96
57.112886,23,26226.079543,True,0.96
62.827611,33,26236.696344,True,0.96
67.342712,95,26266.977206,True,0.96
57.185186,52,26283.666007,True,0.96
53.675141,13,26287.862148,True,0.96
56.25458,100,26319.919168,True,0.96
65.928047,63,26340.094532,True,0.96
56.236271,105,26373.808339,True,0.96
54.271239,78,26398.873529,True,0.96
63.333173,120,26462.836416,True,0.96
61.724151,27,26471.530146,True,0.96
50.407565,1,26471.93881,True,0.96
63.17016,28,26481.003985,True,0.96
61.503338,27,26489.660195,True,0.96
62.457605,29,26499.06156,True,0.96
59.282738,102,26531.963368,True,0.96
60.25,25,26540.028795,True,0.96
62.054755,104,26573.464742,True,0.96
63.27398,31,26583.468817,True,0.96
63.109457,28,26592.493752,True,0.96
62.25859,28,26601.533584,True,0.96
63.914134,104,26634.964028,True,0.96
55.65143,139,26679.680468,True,0.96
60.115969,45,26694.130326,True,0.96
64.572837,33,26704.733773,True,0.96
56.776515,93,26734.647501,True,0.96
50.480703,1,26735.056838,True,0.96
55.627345,13,26739.294568,True,0.96
59.522425,26,26747.677428,True,0.96
58.104388,23,26755.133158,True,0.96
58.193829,17,26760.64682,True,0.96
63.408902,30,26770.373851,True,0.96
59.7695,23,26777.817421,True,0.96
50.376398,1,26778.21204,True,0.96
58.421872,46,26793.178542,True,0.96
58.575337,17,26798.706788,True,0.96
65.198381,38,26811.022186,True,0.96
61.140441,32,26821.354552,True,0.96
56.853819,16,26826.617156,True,0.96
56.004807,16,26831.824397,True,0.96
57.567263,108,26867.246141,True,0.96
62.068759,28,26876.273106,True,0.96
66.13655,128,26917.502679,True,0.96
54.450267,77,26942.431882,True,0.96
64.657311,33,26953.138345,True,0.96
64.889858,35,26964.531225,True,0.96
52.422647,118,27002.749619,True,0.96
59.023527,23,27010.298688,True,0.96
59.206714,25,27018.392435,True,0.96
63.733275,60,27037.907467,True,0.96
62.336231,27,27046.695845,True,0.96
55.959938,91,27076.143968,True,0.96
57.938095,18,27082.10461,True,0.96
57.210873,48,27123.255139,True,0.96
59.869488,58,27142.084876,True,0.96
62.789804,33,27152.859758,True,0.96
55.611263,13,27157.151029,True,0.96
58.343659,22,27164.37604,True,0.96
55.505306,21,27171.223976,True,0.96
59.411783,28,27180.297544,True,0.96
62.743431,29,27189.800022,True,0.96
55.922304,47,27205.103383,True,0.96
63.51644,29,27214.888967,True,0.96
61.105624,25,27223.044745,True,0.96
54.179325,8,27225.708019,True,0.96
53.970018,46,27240.666992,True,0.96
53.071008,8,27243.321083,True,0.96
60.425912,27,27252.112162,True,0.96
60.36749,26,27261.183906,True,0.96
58.996499,20,27267.761683,True,0.96
62.155014,28,27276.833601,True,0.96
53.865151,9,27279.854921,True,0.96
62.857309,35,27291.286744,True,0.96
55.313809,13,27295.565546,True,0.96
58.449096,20,27302.147233,True,0.96
62.773638,88,27330.772903,True,0.96
62.718371,159,27382.517716,True,0.96
56.504425,51,27399.135175,True,0.96
60.760533,28,27408.259561,True,0.96
55.460399,88,27436.933529,True,0.96
56.355203,17,27442.568568,True,0.96
63.703109,32,27453.007518,True,0.96
56.307289,103,27486.577505,True,0.96
60.810763,29,27496.114677,True,0.96
59.531572,34,27507.203006,True,0.96
55.891273,20,27513.760435,True,0.96
56.891289,84,27541.167952,True,0.96
58.822569,23,27548.677924,True,0.96
58.121616,20,27555.29535,True,0.96
53.042326,63,27575.895401,True,0.96
61.74067,29,27585.387345,True,0.96
54.412168,14,27589.983402,True,0.96
54.374817,9,27593.000814,True,0.96
62.750452,28,27602.192679,True,0.96
55.447619,86,27630.179002,True,0.96
61.354992,23,27637.77843,True,0.96
62.872652,28,27646.932842,True,0.96
63.665683,34,27658.113221,True,0.96
55.982465,87,27687.009472,True,0.96
57.23248,82,27713.910354,True,0.96
63.078919,37,27726.118925,True,0.96
64.699884,36,27737.92831,True,0.96
61.294052,26,27746.472257,True,0.96
60.907838,97,27778.335757,True,0.96
62.737767,30,27788.160286,True,0.96
65.84466,87,27840.013997,True,0.96
60.37298,24,27847.900118,True,0.96
68.716317,72,27871.548976,True,0.96
62.468124,31,27881.82173,True,0.96
58.388935,20,27888.386396,True,0.96
62.559355,27,27897.319681,True,0.96
55.791768,14,27901.985835,True,0.96
61.946022,86,27930.198326,True,0.96
56.070642,15,27935.189502,True,0.96
62.837184,30,27945.007959,True,0.96
56.426497,19,27951.312483,True,0.96
65.484272,93,27981.829012,True,0.96
64.69304,39,27994.755017,True,0.96
55.588759,17,28000.407063,True,0.96
60.672659,25,28008.657698,True,0.96
55.089667,14,28013.330728,True,0.96
55.117453,12,28017.339482,True,0.96
63.291797,29,28026.877002,True,0.96
57.054377,54,28044.591938,True,0.96
58.224444,49,28060.74188,True,0.96
62.433828,29,28070.906105,True,0.96
61.995013,81,28097.569502,True,0.96
59.960735,25,28105.834191,True,0.96
63.366258,102,28139.453076,True,0.96
57.804698,21,28146.444464,True,0.96
59.309987,26,28155.042969,True,0.96
57.797952,40,28168.304511,True,0.96
62.485138,29,28177.888167,True,0.96
60.837458,29,28187.505437,True,0.96
67.454744,102,28221.05324,True,0.96
65.732167,42,28234.98162,True,0.96
61.635157,83,28262.335074,True,0.96
59.324087,92,28292.725511,True,0.96
63.382938,33,28303.694554,True,0.96
57.932008,24,28311.670467,True,0.96
55.2294,15,28316.65958,True,0.96
66.94814,50,28333.318193,True,0.96
64.751095,37,28345.678771,True,0.96
59.980874,98,28378.002597,True,0.96
58.045444,138,28423.665375,True,0.96
54.485213,11,28427.359321,True,0.96
57.563498,88,28456.416906,True,0.96
55.963618,13,28460.856768,True,0.96
56.013691,105,28521.005305,True,0.96
57.649218,94,28552.198147,True,0.96
54.487538,11,28555.891216,True,0.96
58.818718,20,28562.581283,True,0.96
62.19963,28,28571.88991,True,0.96
61.718579,88,28601.072166,True,0.96
63.768207,69,28623.996376,True,0.96
63.864093,30,28633.917709,True,0.96
59.950979,22,28641.29938,True,0.96
61.708337,27,28650.280048,True,0.96
57.55615,89,28679.822668,True,0.96
57.631654,23,28687.476706,True,0.96
65.078866,89,28716.983035,True,0.96
57.668928,24,28725.026144,True,0.96
64.580544,36,28737.017008,True,0.96
62.250246,30,28747.047433,True,0.96
56.298277,12,28751.083643,True,0.96
54.243019,11,28754.757064,True,0.96
61.261416,24,28762.832194,True,0.96
62.331203,33,28773.807521,True,0.96
57.8888,21,28780.928303,True,0.96
57.005078,14,28785.631912,True,0.96
55.082228,56,28804.347103,True,0.96
61.424025,28,28813.648322,True,0.96
58.734935,115,28851.855657,True,0.96
55.41228,11,28855.619184,True,0.96
56.737918,41,28869.314763,True,0.96
63.180095,74,28894.57947,True,0.96
56.948841,94,28926.019699,True,0.96
61.51773,28,28935.347422,True,0.96
59.928093,64,28956.751702,True,0.96
57.558072,74,28981.396657,True,0.96
58.99789,21,28988.433345,True,0.96
61.795448,27,28997.498669,True,0.96
52.756739,6,28999.573788,True,0.96
59.278896,27,29008.589252,True,0.96
62.85525,33,29019.66896,True,0.96
62.07281,92,29050.375337,True,0.96
57.157786,96,29082.514778,True,0.96
64.647735,129,29125.704409,True,0.96
57.689832,24,29133.832185,True,0.96
64.110425,32,29144.540132,True,0.96
57.196277,81,29171.597751,True,0.96
63.867049,33,29182.627617,True,0.96
63.799278,33,29193.736722,True,0.96
61.536798,25,29202.152815,True,0.96
60.856429,62,29247.748655,True,0.96
49.946938,1,29248.167397,True,0.96
56.267922,22,29255.631048,True,0.96
62.873486,46,29271.020637,True,0.96
55.241297,78,29297.081646,True,0.96
56.121375,16,29302.485973,True,0.96
64.072723,32,29313.830616,True,0.96
58.87685,23,29321.579541,True,0.96
59.78096,24,29329.616363,True,0.96
64.223245,33,29340.690215,True,0.96
62.704491,33,29351.79849,True,0.96
61.774501,64,29373.285872,True,0.96
66.772725,45,29388.352354,True,0.96
59.148014,27,29397.48383,True,0.96
62.622552,30,29407.605474,True,0.96
60.279135,88,29437.125999,True,0.96
57.379219,23,29444.872387,True,0.96
63.732335,33,29456.046503,True,0.96
59.970612,87,29485.600975,True,0.96
59.661209,22,29493.200742,True,0.96
54.025092,10,29496.688347,True,0.96
59.160907,51,29514.075076,True,0.96
55.902127,17,29520.080781,True,0.96
62.831514,68,29542.964135,True,0.96
63.423681,32,29553.750535,True,0.96
53.99496,10,29557.212195,True,0.96
52.911388,71,29581.052073,True,0.96
57.889862,18,29587.187897,True,0.96
60.519755,87,29616.363968,True,0.96
60.921284,103,29650.982095,True,0.96
60.119095,84,29679.299366,True,0.96
63.694651,92,29710.174369,True,0.96
58.935226,77,29736.709466,True,0.96
61.669699,32,29747.532879,True,0.96
53.777059,14,29752.311809,True,0.96
55.865242,17,29758.107545,True,0.96
61.953236,27,29767.396568,True,0.96
56.007496,13,29771.864892,True,0.96
54.505625,14,29776.66808,True,0.96
60.521051,25,29785.194466,True,0.96
59.620375,21,29792.339525,True,0.96
62.264862,32,29803.270158,True,0.96
62.354192,35,29815.137047,True,0.96
52.179951,6,29817.232453,True,0.96
59.942999,95,29849.403438,True,0.96
66.729535,41,29863.295962,True,0.96
62.206522,96,29895.620901,True,0.96
56.808859,23,29903.482235,True,0.96
57.304708,76,29952.669801,True,0.96
60.546,23,29960.464926,True,0.96
57.042903,83,29988.601717,True,0.96
57.341487,22,29996.136959,True,0.96
62.889211,35,30008.038576,True,0.96
61.40139,28,30017.531073,True,0.96
57.975107,25,30026.140741,True,0.96
64.648078,36,30038.415883,True,0.96
62.312854,27,30047.688471,True,0.96
63.489148,55,30066.415737,True,0.96
54.364684,23,30074.215805,True,0.96
60.400609,80,30101.432801,True,0.96
61.186131,25,30109.98024,True,0.96
55.392975,14,30114.759899,True,0.96
56.844341,19,30121.382282,True,0.96
61.023016,85,30150.872599,True,0.96
68.133498,66,30173.264054,True,0.96
56.98133,21,30180.525461,True,0.96
60.631594,47,30196.488381,True,0.96
59.537424,85,30225.461447,True,0.96
58.355894,19,30231.938339,True,0.96
63.86519,50,30248.923072,True,0.96
60.265381,21,30256.14679,True,0.96
56.347277,30,30266.409487,True,0.96
50.504562,1,30266.830628,True,0.96
60.584366,23,30274.677298,True,0.96
58.275733,25,30283.227399,True,0.96
57.550038,26,30292.046677,True,0.96
54.483669,13,30296.582096,True,0.96
56.865501,16,30302.049247,True,0.96
59.192085,30,30312.256996,True,0.96
55.592456,13,30316.801521,True,0.96
64.528822,36,30329.008626,True,0.96
55.214996,18,30335.235636,True,0.96
56.644483,21,30342.450688,True,0.96
54.378762,12,30346.610888,True,0.96
58.656281,77,30372.741348,True,0.96
60.790476,80,30399.957378,True,0.96
54.72659,43,30414.620122,True,0.96
56.429929,20,30421.46075,True,0.96
58.919251,23,30429.324903,True,0.96
61.93889,28,30438.915015,True,0.96
62.516976,26,30447.731139,True,0.96
67.753894,164,30503.554672,True,0.96
62.874311,49,30520.373264,True,0.96
60.473482,23,30528.193389,True,0.96
60.828885,22,30535.75188,True,0.96
68.893402,49,30552.444117,True,0.96
54.311746,12,30556.585295,True,0.96
58.775754,30,30567.403574,True,0.96
61.489743,25,30576.059947,True,0.96
63.389348,95,30608.412182,True,0.96
62.206479,54,30626.935208,True,0.96
56.593674,14,30631.776205,True,0.96
63.08396,89,30685.724558,True,0.96
60.154586,27,30695.358775,True,0.96
59.097992,23,30703.288753,True,0.96
56.96976,19,30709.827074,True,0.96
59.587771,32,30720.875102,True,0.96
55.455405,18,30727.131215,True,0.96
56.140897,16,30732.702266,True,0.96
62.741906,33,30744.045408,True,0.96
61.11419,26,30753.004638,True,0.96
59.132351,87,30782.775923,True,0.96
59.370307,29,30792.75735,True,0.96
59.477525,89,30823.106383,True,0.96
61.915609,29,30833.074563,True,0.96
62.388509,28,30842.665605,True,0.96
62.826737,31,30853.37331,True,0.96
61.324013,31,30864.01417,True,0.96
63.272111,31,30874.675984,True,0.96
61.208457,76,30900.728574,True,0.96
56.254392,66,30923.329131,True,0.96
64.765386,87,30953.120604,True,0.96
61.405804,29,30963.039852,True,0.96
59.78126,35,30975.127059,True,0.96
57.29457,29,30985.11723,True,0.96
53.321556,30,30996.023822,True,0.96
55.067784,12,31000.186613,True,0.96
60.599878,26,31009.180398,True,0.96
58.744705,91,31040.431751,True,0.96
53.05113,42,31054.908455,True,0.96
58.277987,21,31062.164345,True,0.96
62.86268,32,31073.231927,True,0.96
62.684597,29,31083.250691,True,0.96
58.561126,20,31090.149988,True,0.96
65.225175,87,31120.014953,True,0.96
64.481763,46,31135.87386,True,0.96
56.583008,64,31158.02188,True,0.96
67.47727,121,31199.664555,True,0.96
60.969193,23,31207.635427,True,0.96
60.481539,27,31216.952336,True,0.96
56.691879,21,31224.248386,True,0.96
61.273396,31,31234.989241,True,0.96
58.091498,23,31243.020774,True,0.96
56.08042,16,31248.580375,True,0.96
63.087568,30,31258.952672,True,0.96
56.829759,21,31266.266677,True,0.96
64.299443,105,31302.606586,True,0.96
59.37021,23,31310.576596,True,0.96
60.135714,35,31322.793219,True,0.96
56.864337,81,31350.676481,True,0.96
67.92727,44,31365.842179,True,0.96
67.753976,156,31445.303497,True,0.96
60.742358,84,31474.302238,True,0.96
55.642607,16,31479.889848,True,0.96
62.963608,74,31505.450919,True,0.96
53.518663,63,31527.209877,True,0.96
61.140227,31,31537.998479,True,0.96
59.287558,24,31546.344662,True,0.96
62.166186,62,31567.709764,True,0.96
58.849477,75,31593.656247,True,0.96
55.705411,36,31606.284021,True,0.96
62.891388,29,31616.424571,True,0.96
58.327998,21,31623.754316,True,0.96
61.085922,27,31633.164608,True,0.96
61.853737,61,31654.398768,True,0.96
63.098346,34,31666.236983,True,0.96
58.559346,71,31690.864142,True,0.96
51.731107,54,31709.645132,True,0.96
58.946669,27,31719.119364,True,0.96
55.893031,82,31747.629925,True,0.96
62.137535,48,31764.467108,True,0.96
63.043815,82,31792.99169,True,0.96
63.676815,155,31847.452406,True,0.96
55.289762,65,31870.204062,True,0.96
57.076053,36,31882.80816,True,0.96
60.427455,147,31934.112986,True,0.96
66.573375,61,31955.418482,True,0.96
59.589974,82,31983.921066,True,0.96
59.312569,22,31991.677631,True,0.96
60.092884,69,32015.792541,True,0.96
60.655294,132,32061.903713,True,0.96
61.138587,96,32095.615525,True,0.96
54.05921,40,32109.689652,True,0.96
66.024508,48,32154.759687,True,0.96
64.894849,38,32168.004275,True,0.96
62.617765,30,32178.545179,True,0.96
58.354459,26,32187.674191,True,0.96
59.923302,28,32197.57216,True,0.96
61.849464,27,32207.040549,True,0.96
50.83277,53,32225.597444,True,0.96
59.263596,30,32236.254515,True,0.96
56.662139,17,32242.215705,True,0.96
63.50511,97,32276.615462,True,0.96
62.638081,30,32287.084044,True,0.96
62.34566,31,32297.932194,True,0.96
55.969891,18,32304.286401,True,0.96
56.74811,24,32312.804907,True,0.96
55.664647,90,32344.239443,True,0.96
56.037707,47,32360.807189,True,0.96
57.29019,18,32367.210775,True,0.96
57.508052,24,32375.682957,True,0.96
56.937448,26,32384.82348,True,0.96
62.493292,30,32395.427222,True,0.96
59.308926,76,32422.053812,True,0.96
57.625412,22,32429.84173,True,0.96
62.999949,34,32441.735218,True,0.96
58.786452,76,32468.466157,True,0.96
57.052362,15,32473.790363,True,0.96
61.567736,37,32486.772578,True,0.96
60.217318,26,32495.908549,True,0.96
58.323628,26,32505.026555,True,0.96
54.454628,52,32523.442331,True,0.96
49.626681,1,32523.896433,True,0.96
55.323432,51,32541.823419,True,0.96
55.532106,16,32547.523833,True,0.96
60.000718,25,32556.347749,True,0.96
65.680893,44,32571.880677,True,0.96
63.227282,36,32584.548497,True,0.96
55.834973,72,32609.90271,True,0.96
64.466834,34,32621.867464,True,0.96
54.934916,72,32647.234396,True,0.96
63.761666,35,32659.586371,True,0.96
58.3983,34,32671.632521,True,0.96
63.113747,33,32683.306553,True,0.96
61.979778,30,32693.816491,True,0.96
64.940259,35,32706.722726,True,0.96
64.134126,34,32718.721254,True,0.96
60.553835,32,32730.061588,True,0.96
59.804082,26,32739.25826,True,0.96
56.134805,19,32745.980666,True,0.96
60.633413,32,32757.262857,True,0.96
60.490594,83,32786.56444,True,0.96
58.380429,22,32794.351174,True,0.96
62.897524,37,32807.377221,True,0.96
64.864763,42,32822.216373,True,0.96
59.879453,73,32848.001134,True,0.96
61.101824,31,32858.970455,True,0.96
61.931138,32,32891.642215,True,0.96
62.871032,33,32903.416619,True,0.96
55.375326,15,32908.791293,True,0.96
58.191158,23,32916.942882,True,0.96
62.576219,30,32927.655893,True,0.96
60.558477,31,32938.634576,True,0.96
64.01468,35,32951.040751,True,0.96
61.01449,34,32963.165402,True,0.96
66.534242,44,32978.788593,True,0.96
55.992882,18,32985.25672,True,0.96
62.989261,30,32995.909369,True,0.96
60.188542,23,33004.132443,True,0.96
58.561502,24,33012.683685,True,0.96
59.315804,23,33020.959545,True,0.96
52.072644,38,33034.546063,True,0.96
59.602798,23,33042.75701,True,0.96
61.653369,65,33065.878974,True,0.96
52.319658,27,33075.504808,True,0.96
61.661637,31,33086.569412,True,0.96
61.978822,28,33096.563496,True,0.96
57.592054,20,33103.7261,True,0.96
57.301813,24,33112.319556,True,0.96
65.240616,44,33128.049831,True,0.96
67.586466,125,33172.951189,True,0.96
61.300911,26,33182.293111,True,0.96
62.294175,93,33215.252804,True,0.96
57.243134,73,33241.263463,True,0.96
63.53164,36,33254.063346,True,0.96
64.615288,35,33266.405441,True,0.96
59.598717,26,33275.732884,True,0.96
64.6109,41,33290.351682,True,0.96
59.026854,34,33302.487335,True,0.96
62.671345,31,33313.569005,True,0.96
61.686915,31,33324.590447,True,0.96
58.526617,28,33334.625888,True,0.96
64.431349,56,33354.598202,True,0.96
63.470985,30,33365.309843,True,0.96
61.604016,27,33375.04915,True,0.96
59.109115,90,33407.156425,True,0.96
57.901239,27,33416.939537,True,0.96
61.654986,31,33428.040172,True,0.96
62.889438,78,33455.937289,True,0.96
62.198178,27,33465.63052,True,0.96
61.858645,30,33476.419805,True,0.96
54.029577,11,33480.39312,True,0.96
63.898405,34,33492.610852,True,0.96
65.957267,60,33514.111676,True,0.96
53.347134,10,33517.74931,True,0.96
56.333768,15,33523.18087,True,0.96
59.960114,27,33532.916093,True,0.96
53.812639,8,33535.829444,True,0.96
53.361247,44,33551.641084,True,0.96
56.607367,17,33557.754656,True,0.96
67.336802,64,33581.289505,True,0.96
58.723847,34,33593.486149,True,0.96
62.165153,82,33643.824887,True,0.96
60.17794,28,33653.89479,True,0.96
59.488885,24,33662.465373,True,0.96
59.733822,28,33672.552967,True,0.96
58.938504,20,33679.753684,True,0.96
62.70131,30,33690.525446,True,0.96
57.013155,22,33698.405313,True,0.96
60.536345,26,33707.779755,True,0.96
60.498278,26,33717.121275,True,0.96
62.131583,29,33727.696649,True,0.96
60.68764,27,33737.373419,True,0.96
58.490712,26,33746.757818,True,0.96
62.009544,31,33757.863003,True,0.96
56.44487,20,33765.090337,True,0.96
63.308525,32,33776.548514,True,0.96
56.405497,77,33804.222831,True,0.96
60.857783,49,33821.773995,True,0.96
58.029117,16,33827.583594,True,0.96
63.551983,35,33840.053566,True,0.96
64.579961,66,33863.74051,True,0.96
57.743964,24,33872.38399,True,0.96
63.043878,36,33885.29459,True,0.96
60.488352,36,33898.212382,True,0.96
60.626589,28,33908.327195,True,0.96
62.832511,70,33933.436613,True,0.96
59.046505,24,33942.106014,True,0.96
62.289409,32,33953.572293,True,0.96
59.07357,55,33973.36312,True,0.96
63.329026,57,33993.855039,True,0.96
58.090517,20,34001.170411,True,0.96
64.747595,37,34014.459165,True,0.96
61.63627,31,34026.235486,True,0.96
53.591059,9,34029.556993,True,0.96
59.752382,34,34041.818182,True,0.96
64.808387,66,34065.925946,True,0.96
56.682275,21,34073.557662,True,0.96
52.594246,54,34093.077146,True,0.96
61.300979,29,34103.579575,True,0.96
57.353812,18,34110.082784,True,0.96
60.453156,28,34120.277483,True,0.96
51.611912,48,34137.605647,True,0.96
59.968873,26,34146.984532,True,0.96
58.77381,25,34156.010298,True,0.96
71.093009,54,34175.387416,True,0.96
58.851368,24,34184.059186,True,0.96
60.787465,26,34193.441139,True,0.96
59.158243,26,34202.80802,True,0.96
49.595355,1,34203.269661,True,0.96
57.139977,23,34211.584203,True,0.96
59.428429,22,34219.652833,True,0.96
64.608391,34,34231.937216,True,0.96
65.052572,41,34246.746584,True,0.96
61.035097,27,34256.562873,True,0.96
56.171657,19,34263.447543,True,0.96
61.550302,80,34292.353917,True,0.96
64.094407,38,34306.020387,True,0.96
56.765715,20,34313.379815,True,0.96
57.469319,21,34321.031327,True,0.96
62.584915,33,34333.062268,True,0.96
60.631249,77,34360.915001,True,0.96
62.687027,32,34372.646718,True,0.96
61.259048,25,34401.159673,True,0.96
60.64569,24,34409.848962,True,0.96
60.279989,21,34417.49563,True,0.96
57.60352,21,34425.084447,True,0.96
60.091487,24,34433.772701,True,0.96
58.961702,26,34443.218179,True,0.96
63.631422,29,34453.741916,True,0.96
58.438312,26,34463.136431,True,0.96
58.847351,19,34470.578575,True,0.96
57.13228,19,34477.514374,True,0.96
61.205925,27,34487.230446,True,0.96
62.784979,31,34498.441341,True,0.96
58.161357,23,34506.709596,True,0.96
54.706508,14,34511.884432,True,0.96
51.674913,73,34538.247665,True,0.96
54.90998,90,34570.732209,True,0.96
58.370057,114,34611.909513,True,0.96
56.478135,22,34619.96474,True,0.96
60.900431,29,34630.475755,True,0.96
60.871577,27,34640.301558,True,0.96
64.302918,37,34653.756503,True,0.96
59.105347,22,34661.722397,True,0.96
65.93925,48,34679.14561,True,0.96
56.778,18,34685.747302,True,0.96
61.671783,27,34695.578207,True,0.96
55.81483,15,34701.058,True,0.96
60.949824,100,34737.310324,True,0.96
59.116552,22,34745.395723,True,0.96
58.705858,19,34752.358181,True,0.96
58.341743,19,34759.325706,True,0.96
56.597669,17,34765.546879,True,0.96
56.146351,73,34791.911729,True,0.96
61.981477,29,34802.433461,True,0.96
62.123227,29,34812.954011,True,0.96
61.771988,29,34823.432203,True,0.96
57.005369,42,34838.570796,True,0.96
59.167279,23,34846.988326,True,0.96
60.931803,23,34855.334219,True,0.96
60.650628,30,34866.236739,True,0.96
55.179071,17,34872.423022,True,0.96
56.611514,22,34880.48638,True,0.96
60.944724,27,34890.34172,True,0.96
59.115394,19,34897.266304,True,0.96
67.17981,51,34916.265765,True,0.96
54.456691,10,34920.024466,True,0.96
61.028653,26,34929.627283,True,0.96
53.636862,73,34956.251296,True,0.96
57.992414,23,34964.717285,True,0.96
58.011415,98,35000.528227,True,0.96
62.43936,30,35011.440821,True,0.96
60.861124,87,35043.178248,True,0.96
56.770185,22,35051.242163,True,0.96
61.018409,41,35066.311344,True,0.96
62.607466,27,35076.241432,True,0.96
60.172641,29,35086.872751,True,0.96
55.83065,16,35092.740139,True,0.96
59.836773,24,35101.556088,True,0.96
55.039964,13,35106.357366,True,0.96
65.806732,123,35175.574941,True,0.96
56.718772,19,35182.679281,True,0.96
56.862323,28,35192.943463,True,0.96
64.018571,38,35206.896907,True,0.96
55.320838,17,35213.141093,True,0.96
61.498231,32,35224.946922,True,0.96
64.326451,37,35238.542896,True,0.96
62.822471,28,35248.770677,True,0.96
52.55278,58,35269.970565,True,0.96
57.855701,22,35278.155907,True,0.96
61.349751,23,35286.582214,True,0.96
62.755387,37,35300.233785,True,0.96
61.698962,27,35310.087744,True,0.96
62.417544,33,35322.42562,True,0.96
63.539594,76,35350.047303,True,0.96
60.599893,26,35360.110679,True,0.96
64.476284,32,35371.896362,True,0.96
60.85448,29,35382.708415,True,0.96
62.789056,29,35393.356375,True,0.96
-11.282227,146,35446.657815,False,0.96
60.074313,23,35455.089841,True,0.96
59.970779,26,35464.568385,True,0.96
62.968583,88,35496.621531,True,0.96
55.2109,17,35502.873439,True,0.96
62.619756,119,35546.35171,True,0.96
63.658437,29,35557.07164,True,0.96
58.61765,31,35568.426328,True,0.96
57.707587,142,35620.328873,True,0.96
61.981631,92,35654.217802,True,0.96
56.079066,21,35661.933385,True,0.96
57.754725,23,35670.449786,True,0.96
57.605919,16,35676.33681,True,0.96
56.772047,26,35685.844883,True,0.96
64.526573,39,35700.129486,True,0.96
54.618051,12,35704.584728,True,0.96
62.319257,93,35738.519956,True,0.96
57.273748,54,35758.238429,True,0.96
49.745878,1,35758.679439,True,0.96
62.313249,28,35769.004454,True,0.96
62.381801,27,35778.923559,True,0.96
60.750764,26,35788.51917,True,0.96
60.805568,22,35796.584327,True,0.96
61.388385,27,35807.080065,True,0.96
64.849195,42,35822.303978,True,0.96
63.294298,30,35833.341363,True,0.96
62.532982,29,35843.953193,True,0.96
57.429167,22,35852.063232,True,0.96
58.063665,24,35860.831718,True,0.96
60.234145,25,35870.046352,True,0.96
55.000129,19,35877.030709,True,0.96
60.381494,26,35886.615852,True,0.96
56.876018,16,35892.561263,True,0.96
59.890388,21,35900.301789,True,0.96
60.703084,25,35909.533815,True,0.96
63.569283,35,35948.363851,True,0.96
60.828454,87,35980.222124,True,0.96
55.91156,90,36013.227074,True,0.96
62.102542,106,36052.05731,True,0.96
53.944478,12,36056.513313,True,0.96
60.43748,30,36067.458903,True,0.96
62.796172,47,36084.797115,True,0.96
59.564261,61,36107.319676,True,0.96
58.772446,89,36140.113483,True,0.96
64.352992,85,36171.632066,True,0.96
54.904608,15,36177.225924,True,0.96
57.493977,21,36185.094215,True,0.96
66.11942,94,36219.64204,True,0.96
57.395424,21,36227.449795,True,0.96
60.653255,26,36237.020833,True,0.96
57.544444,114,36279.636895,True,0.96
54.756246,77,36308.040238,True,0.96
55.400982,11,36312.127899,True,0.96
56.538343,79,36341.3026,True,0.96
58.225223,21,36349.079859,True,0.96
65.15627,34,36361.627774,True,0.96
54.965583,15,36367.228721,True,0.96
57.172186,16,36373.149888,True,0.96
56.788669,70,36399.031158,True,0.96
64.110967,30,36410.143576,True,0.96
56.363462,68,36435.226638,True,0.96
58.178675,92,36469.209123,True,0.96
50.618952,28,36479.688555,True,0.96
59.089648,24,36488.558102,True,0.96
57.625828,22,36496.743156,True,0.96
55.842234,71,36522.953304,True,0.96
54.784461,74,36550.22813,True,0.96
58.796661,78,36579.062413,True,0.96
64.764411,51,36598.006915,True,0.96
57.725929,90,36631.472424,True,0.96
55.670961,14,36636.773747,True,0.96
62.865046,96,36672.42726,True,0.96
56.479518,14,36677.694647,True,0.96
55.676284,72,36733.284872,True,0.96
63.452308,31,36744.888302,True,0.96
61.004791,48,36762.8779,True,0.96
55.360231,12,36767.422652,True,0.96
53.72645,8,36770.46099,True,0.96
57.220217,73,36797.585333,True,0.96
53.381228,53,36817.362884,True,0.96
50.367848,1,36817.815514,True,0.96
60.742454,132,36866.936576,True,0.96
59.635991,19,36874.107751,True,0.96
58.03798,72,36900.929612,True,0.96
61.350226,22,36909.168285,True,0.96
55.827025,88,36941.973845,True,0.96
54.003134,147,36997.087593,True,0.96
58.396648,20,37004.592655,True,0.96
59.131007,24,37013.619717,True,0.96
56.200156,14,37018.920517,True,0.96
54.444437,10,37022.720913,True,0.96
61.019319,173,37087.489945,True,0.96
58.148164,72,37114.550179,True,0.96
56.129561,73,37141.909543,True,0.96
61.762356,23,37150.643749,True,0.96
58.302586,77,37179.999933,True,0.96
60.890855,23,37188.668694,True,0.96
55.593354,13,37193.556408,True,0.96
59.437849,21,37201.433487,True,0.96
59.501795,21,37209.412354,True,0.96
52.937692,6,37211.750334,True,0.96
54.090036,13,37216.640638,True,0.96
59.709142,44,37233.109771,True,0.96
52.673144,55,37253.703636,True,0.96
62.474372,26,37263.461662,True,0.96
62.281557,24,37272.458198,True,0.96
66.366542,99,37309.485247,True,0.96
58.54116,45,37326.498322,True,0.96
56.567528,66,37351.28443,True,0.96
60.440985,26,37361.103115,True,0.96
60.650832,21,37369.017661,True,0.96
64.138825,90,37402.897401,True,0.96
57.505108,149,37458.840436,True,0.96
60.431606,27,37469.054403,True,0.96
61.74968,80,37499.181392,True,0.96
53.236382,78,37560.700288,True,0.96
57.526867,20,37568.288393,True,0.96
61.007368,25,37577.717422,True,0.96
56.891884,56,37598.834366,True,0.96
59.874556,24,37608.487201,True,0.96
55.335756,80,37638.608553,True,0.96
62.219235,91,37672.931322,True,0.96
61.547284,88,37706.059311,True,0.96
53.115055,8,37709.132262,True,0.96
66.566433,38,37723.464808,True,0.96
64.22626,164,37785.119815,True,0.96
56.356429,19,37792.349537,True,0.96
64.196297,30,37803.661772,True,0.96
54.223273,64,37827.876694,True,0.96
56.635339,14,37833.202999,True,0.96
53.807951,16,37839.341634,True,0.96
57.556551,77,37868.417673,True,0.96
57.019142,72,37895.527171,True,0.96
56.409047,16,37901.669322,True,0.96
63.45082,34,37914.496356,True,0.96
58.718839,19,37921.838701,True,0.96
57.549424,84,37953.358255,True,0.96
64.073111,30,37964.768176,True,0.96
61.234246,23,37973.511306,True,0.96
53.151026,51,37992.936538,True,0.96
59.524604,91,38027.668153,True,0.96
60.040633,70,38054.262528,True,0.96
63.907115,32,38066.439509,True,0.96
59.194767,77,38096.13461,True,0.96
59.776041,41,38111.697445,True,0.96
61.293022,77,38140.818494,True,0.96
57.017965,19,38148.068996,True,0.96
60.800239,27,38158.363557,True,0.96
57.777847,36,38172.06387,True,0.96
59.696456,78,38201.68247,True,0.96
65.134501,42,38217.706734,True,0.96
53.6159,73,38245.486885,True,0.96
49.648055,1,38245.946571,True,0.96
57.14795,75,38274.496587,True,0.96
59.682164,23,38283.267482,True,0.96
55.111625,14,38288.669186,True,0.96
62.274182,26,38298.530201,True,0.96
61.753447,23,38307.286699,True,0.96
57.625898,70,38362.480921,True,0.96
57.474499,21,38370.470676,True,0.96
68.25401,98,38407.582583,True,0.96
56.977308,21,38415.620097,True,0.96
62.288801,25,38425.144098,True,0.96
49.607933,1,38425.621722,True,0.96
58.962583,20,38433.282779,True,0.96
55.837082,12,38437.916268,True,0.96
67.368147,90,38471.932274,True,0.96
61.33021,91,38506.370777,True,0.96
56.172737,70,38533.710433,True,0.96
53.743921,70,38560.33424,True,0.96
58.09299,90,38594.572001,True,0.96
64.486458,31,38606.348511,True,0.96
60.210923,21,38614.468569,True,0.96
55.518546,17,38620.991565,True,0.96
57.090793,24,38630.177774,True,0.96
58.073289,27,38640.502653,True,0.96
61.220513,28,38651.234204,True,0.96
58.362953,19,38658.534912,True,0.96
62.83823,40,38673.895583,True,0.96
53.722336,51,38693.411714,True,0.96
60.809808,22,38701.827128,True,0.96
58.88652,21,38709.849681,True,0.96
59.71062,48,38728.192769,True,0.96
64.504988,98,38765.41933,True,0.96
61.893326,86,38798.244815,True,0.96
63.041841,27,38808.617847,True,0.96
64.515047,62,38832.318227,True,0.96
66.758047,155,38891.477151,True,0.96
56.150863,84,38923.532102,True,0.96
58.771992,81,38954.467401,True,0.96
60.728076,88,38988.214709,True,0.96
59.302292,23,38997.600296,True,0.96
59.97765,86,39030.647954,True,0.96
59.118219,21,39038.766546,True,0.96
65.324738,178,39107.063797,True,0.96
61.705878,25,39116.6866,True,0.96
59.918026,75,39178.001705,True,0.96
55.584489,48,39196.480686,True,0.96
62.964463,90,39230.946605,True,0.96
62.020216,76,39260.083093,True,0.96
63.821426,31,39272.000821,True,0.96
56.855395,68,39298.240386,True,0.96
59.767673,20,39306.044535,True,0.96
55.116997,68,39332.183043,True,0.96
57.272197,74,39360.646538,True,0.96
61.729491,23,39369.545006,True,0.96
54.054809,10,39373.510697,True,0.96
57.117823,23,39382.383239,True,0.96
56.791174,78,39412.257602,True,0.96
62.602663,30,39423.786923,True,0.96
58.656723,18,39430.721629,True,0.96
61.698739,23,39439.556731,True,0.96
64.068551,34,39453.145694,True,0.96
57.378307,14,39458.567954,True,0.96
57.71682,22,39467.044126,True,0.96
61.630883,68,39493.127968,True,0.96
59.725978,20,39500.878812,True,0.96
57.666894,55,39522.08154,True,0.96
60.51028,24,39531.238884,True,0.96
62.621994,26,39541.249802,True,0.96
60.999779,25,39550.854237,True,0.96
56.466531,13,39555.911822,True,0.96
62.556294,26,39566.020524,True,0.96
61.243568,29,39577.141538,True,0.96
57.386564,17,39583.733856,True,0.96
57.6441,16,39589.947089,True,0.96
58.177948,21,39598.140632,True,0.96
53.606109,70,39625.138673,True,0.96
57.752378,66,39650.423584,True,0.96
58.688992,18,39657.491427,True,0.96
55.742625,14,39662.919608,True,0.96
55.264813,60,39686.109867,True,0.96
60.559508,20,39693.876716,True,0.96
59.063989,21,39702.050286,True,0.96
53.646413,7,39704.821766,True,0.96
55.783691,11,39709.121165,True,0.96
55.336355,79,39739.688205,True,0.96
62.093546,23,39748.576819,True,0.96
65.479692,77,39778.242718,True,0.96
61.168949,22,39786.726774,True,0.96
59.862716,50,39806.016681,True,0.96
56.490035,19,39813.426707,True,0.96
61.726663,162,39875.698478,True,0.96
55.399933,11,39880.005793,True,0.96
62.973979,26,39890.103957,True,0.96
55.050281,13,39895.195862,True,0.96
50.165165,1,39895.678667,True,0.96
61.721575,23,39904.585093,True,0.96
55.331018,12,39909.296858,True,0.96
56.728069,16,39916.153723,True,0.96
54.675913,14,39921.626075,True,0.96
59.61325,132,39999.545518,True,0.96
59.471364,66,40025.197418,True,0.96
55.756004,11,40029.520565,True,0.96
62.670032,27,40040.056156,True,0.96
59.521715,24,40049.385423,True,0.96
51.627314,59,40072.395872,True,0.96
56.375214,17,40079.055552,True,0.96
61.774713,28,40089.943974,True,0.96
62.909737,26,40100.121022,True,0.96
64.148726,58,40122.644049,True,0.96
58.631301,18,40129.691006,True,0.96
64.129362,30,40141.418647,True,0.96
58.215858,79,40172.109251,True,0.96
55.451163,14,40177.636525,True,0.96
61.174945,32,40190.110666,True,0.96
60.917172,79,40220.772423,True,0.96
59.75939,73,40249.08886,True,0.96
55.935604,65,40274.388284,True,0.96
58.28339,18,40281.460358,True,0.96
58.358627,21,40289.685603,True,0.96
61.078727,24,40299.096636,True,0.96
57.453187,22,40307.687855,True,0.96
54.503842,13,40312.830376,True,0.96
61.481558,51,40332.800952,True,0.96
59.798357,26,40342.93337,True,0.96
59.168614,19,40350.438672,True,0.96
57.090016,15,40356.381772,True,0.96
58.928906,26,40366.524218,True,0.96
61.584725,84,40399.751956,True,0.96
61.978429,25,40409.56421,True,0.96
58.751288,40,40425.208427,True,0.96
59.322339,24,40434.558503,True,0.96
57.682068,16,40440.849772,True,0.96
59.541432,22,40449.53368,True,0.96
57.021452,15,40455.475107,True,0.96
61.205498,88,40489.812235,True,0.96
60.792435,22,40498.464246,True,0.96
56.998833,36,40512.569222,True,0.96
62.378278,26,40522.795516,True,0.96
64.578116,60,40546.318174,True,0.96
59.458689,68,40572.817948,True,0.96
59.663438,24,40582.252044,True,0.96
59.057977,46,40600.267243,True,0.96
61.679431,163,40663.755886,True,0.96
56.700533,63,40688.323279,True,0.96
55.316129,13,40693.429459,True,0.96
56.566736,14,40698.974595,True,0.96
57.666183,73,40727.445495,True,0.96
61.16028,26,40737.628803,True,0.96
60.2772,21,40745.942043,True,0.96
61.823773,87,40807.341641,True,0.96
61.783477,27,40817.840421,True,0.96
59.387229,20,40825.709451,True,0.96
59.788829,26,40835.8282,True,0.96
61.314542,28,40846.766495,True,0.96
61.151786,40,40862.969705,True,0.96
56.822254,13,40868.096037,True,0.96
59.03953,25,40877.855122,True,0.96
58.468152,20,40885.731774,True,0.96
56.87323,67,40911.864807,True,0.96
62.979183,30,40923.714597,True,0.96
62.436677,64,40948.770466,True,0.96
55.698661,14,40954.285787,True,0.96
63.867745,30,40966.103772,True,0.96
53.680853,58,40988.804255,True,0.96
57.84807,17,40995.504731,True,0.96
61.955365,65,41020.965668,True,0.96
56.460023,60,41044.487322,True,0.96
57.575666,23,41053.486768,True,0.96
66.704548,38,41068.400706,True,0.96
58.1847,17,41075.132321,True,0.96
64.137259,49,41094.334044,True,0.96
59.627846,23,41103.37743,True,0.96
58.271259,23,41112.409018,True,0.96
58.208702,75,41141.816177,True,0.96
68.102623,59,41165.001044,True,0.96
53.922083,13,41170.145907,True,0.96
60.401497,24,41179.621225,True,0.96
59.985266,25,41189.476073,True,0.96
63.814714,33,41202.459388,True,0.96
55.635197,14,41208.008136,True,0.96
61.945964,27,41218.669291,True,0.96
58.71825,18,41225.761361,True,0.96
57.634098,64,41250.891777,True,0.96
61.014513,48,41269.772448,True,0.96
55.575229,68,41296.5487,True,0.96
53.840363,65,41322.155888,True,0.96
59.746359,78,41353.421174,True,0.96
62.658083,31,41365.611131,True,0.96
55.093076,15,41371.626636,True,0.96
58.544858,68,41398.331244,True,0.96
58.064011,21,41406.660915,True,0.96
60.825438,77,41436.932872,True,0.96
57.025551,49,41456.259804,True,0.96
58.699256,18,41463.371708,True,0.96
61.067277,25,41473.318805,True,0.96
55.481623,12,41478.106106,True,0.96
57.268756,21,41486.430088,True,0.96
65.690595,55,41508.11357,True,0.96
62.24522,27,41518.855235,True,0.96
52.358999,34,41532.423645,True,0.96
61.776231,28,41543.499516,True,0.96
54.841633,13,41548.718286,True,0.96
61.651532,28,41559.785049,True,0.96
49.755823,1,41560.274086,True,0.96
63.647857,137,41639.258492,True,0.96
57.016606,72,41667.577392,True,0.96
61.069781,24,41677.059343,True,0.96
56.342587,65,41702.531177,True,0.96
61.866507,82,41734.682714,True,0.96
55.390696,61,41758.717594,True,0.96
60.482121,78,41789.402358,True,0.96
65.85403,113,41834.431022,True,0.96
61.808611,27,41845.127188,True,0.96
54.225536,63,41869.889989,True,0.96
63.656453,29,41881.327644,True,0.96
62.264797,78,41911.980251,True,0.96
62.769686,28,41923.095587,True,0.96
63.247293,88,41957.658417,True,0.96
62.906022,37,41972.249798,True,0.96
67.707963,57,41994.580532,True,0.96
59.663143,63,42019.376048,True,0.96
60.838729,31,42031.612873,True,0.96
57.970845,67,42058.016864,True,0.96
61.211822,22,42066.803137,True,0.96
55.579819,16,42073.159454,True,0.96
59.733977,70,42100.721715,True,0.96
61.419684,27,42111.382811,True,0.96
62.985369,30,42123.331876,True,0.96
58.859608,19,42130.883605,True,0.96
55.253094,13,42136.127831,True,0.96
57.003478,52,42156.791142,True,0.96
59.612622,22,42165.543395,True,0.96
65.483217,110,42209.046033,True,0.96
56.583356,67,42235.587438,True,0.96
61.715698,106,42277.624867,True,0.96
59.682783,123,42326.850185,True,0.96
57.41503,20,42334.835607,True,0.96
55.002682,42,42351.461096,True,0.96
62.459789,28,42362.607001,True,0.96
63.647816,177,42432.804287,True,0.96
62.562454,27,42477.453046,True,0.96
61.146745,24,42487.011155,True,0.96
59.712054,139,42542.203973,True,0.96
55.318609,19,42549.796896,True,0.96
54.676643,90,42585.606017,True,0.96
59.335151,21,42593.989253,True,0.96
62.245253,24,42603.60234,True,0.96
61.413735,104,42645.015683,True,0.96
55.308481,16,42651.42492,True,0.96
68.315585,169,42718.59217,True,0.96
56.362426,111,42762.761553,True,0.96
63.444872,29,42774.899808,True,0.96
64.832442,34,42788.435904,True,0.96
64.337797,86,42822.541605,True,0.96
63.206969,29,42834.143586,True,0.96
61.000575,127,42884.65172,True,0.96
64.218046,127,42935.371226,True,0.96
59.91388,78,42966.421099,True,0.96
56.829004,16,42972.852032,True,0.96
58.859552,82,43005.447557,True,0.96
54.50937,104,43046.797129,True,0.96
62.013273,25,43056.727847,True,0.96
57.522607,15,43062.752552,True,0.96
64.291389,31,43075.103272,True,0.96
61.386661,26,43085.510403,True,0.96
58.768769,147,43143.959441,True,0.96
62.20012,27,43154.754149,True,0.96
55.844529,69,43182.310517,True,0.96
61.176977,28,43193.507873,True,0.96
56.667883,15,43199.530227,True,0.96
56.277082,62,43224.346817,True,0.96
56.219535,17,43231.219989,True,0.96
57.651073,62,43256.584239,True,0.96
57.32085,17,43263.469903,True,0.96
63.974517,134,43355.063533,True,0.96
61.71052,31,43367.547073,True,0.96
53.070468,57,43390.477233,True,0.96
61.569358,25,43400.520096,True,0.96
56.635968,24,43410.19587,True,0.96
56.976762,69,43437.794076,True,0.96
57.311483,120,43485.784808,True,0.96
60.077991,26,43496.194452,True,0.96
67.687955,126,43546.65094,True,0.96
60.065115,25,43556.645006,True,0.96
55.271286,85,43590.841089,True,0.96
54.726939,58,43614.033059,True,0.96
59.509561,29,43625.78402,True,0.96
54.552374,16,43632.275901,True,0.96
58.65209,73,43661.653312,True,0.96
58.041768,71,43690.253659,True,0.96
59.77908,87,43725.202861,True,0.96
56.140932,19,43733.441018,True,0.96
60.094575,24,43743.181403,True,0.96
57.982594,19,43750.880716,True,0.96
57.464652,30,43763.033708,True,0.96
57.336096,17,43769.924761,True,0.96
63.046249,27,43780.845887,True,0.96
61.532338,34,43794.563716,True,0.96
65.789989,71,43823.242281,True,0.96
60.166373,26,43833.753532,True,0.96
57.348481,14,43839.439865,True,0.96
59.028132,21,43847.917958,True,0.96
64.122918,32,43860.84768,True,0.96
61.395894,72,43889.865516,True,0.96
57.844437,24,43899.562448,True,0.96
59.712733,107,43942.733596,True,0.96
56.678923,21,43951.26024,True,0.96
55.237571,13,43956.594113,True,0.96
59.7045,24,43966.30746,True,0.96
57.539518,21,43974.874271,True,0.96
55.052337,12,43979.770751,True,0.96
57.788947,58,44003.158015,True,0.96
62.637465,27,44014.153782,True,0.96
54.609966,161,44078.826193,True,0.96
62.701501,30,44090.976132,True,0.96
61.014259,37,44105.897463,True,0.96
61.831524,27,44116.854131,True,0.96
59.93932,25,44126.978933,True,0.96
60.962104,54,44148.843748,True,0.96
59.692887,26,44191.260846,True,0.96
59.331473,29,44203.10821,True,0.96
57.985211,85,44237.865682,True,0.96
49.491067,1,44238.36987,True,0.96
59.760894,20,44246.506355,True,0.96
60.64574,24,44256.276473,True,0.96
60.82175,26,44266.806837,True,0.96
61.279204,26,44277.503904,True,0.96
54.544122,12,44282.487022,True,0.96
58.35838,23,44291.822478,True,0.96
62.202059,73,44321.29669,True,0.96
63.292896,29,44333.043298,True,0.96
59.064748,21,44341.586919,True,0.96
57.427655,20,44349.761517,True,0.96
60.570937,24,44359.5417,True,0.96
52.746258,6,44362.064938,True,0.96
63.677177,29,44373.851378,True,0.96
56.093901,13,44379.210645,True,0.96
60.091222,73,44408.770838,True,0.96
61.229901,25,44418.928447,True,0.96
63.35582,40,44435.146641,True,0.96
60.454301,29,44446.903424,True,0.96
55.483192,56,44469.640931,True,0.96
63.70259,32,44482.615171,True,0.96
58.043996,23,44491.985411,True,0.96
59.561859,73,44521.598268,True,0.96
61.65981,26,44532.196316,True,0.96
57.84003,18,44539.540799,True,0.96
62.098875,26,44550.13465,True,0.96
63.037176,28,44561.47094,True,0.96
60.082624,52,44582.56735,True,0.96
56.374186,17,44589.575342,True,0.96
56.463669,21,44598.148439,True,0.96
54.825062,14,44603.908179,True,0.96
63.556176,31,44616.554721,True,0.96
61.38304,23,44625.982292,True,0.96
61.284629,26,44636.554638,True,0.96
55.349111,55,44658.91877,True,0.96
57.660647,17,44665.934164,True,0.96
62.402178,52,44687.05277,True,0.96
66.301288,128,44739.538417,True,0.96
60.593403,23,44748.952742,True,0.96
56.987792,14,44754.703521,True,0.96
61.505722,25,44764.912498,True,0.96
53.178586,7,44767.852111,True,0.96
55.95031,16,44774.467886,True,0.96
56.921774,18,44781.932385,True,0.96
56.766315,16,44788.589057,True,0.96
53.326117,17,44795.636676,True,0.96
56.192648,41,44812.608875,True,0.96
55.805155,16,44819.16545,True,0.96
55.509737,12,44824.119532,True,0.96
56.857057,16,44830.687638,True,0.96
62.656088,31,44843.329007,True,0.96
54.615935,12,44848.277464,True,0.96
62.557577,69,44876.42356,True,0.96
54.994853,12,44881.406507,True,0.96
60.934681,23,44890.791484,True,0.96
59.198116,24,44900.63285,True,0.96
65.566169,38,44916.124782,True,0.96
57.105643,15,44922.329177,True,0.96
64.503085,67,44949.575367,True,0.96
58.478428,20,44957.780553,True,0.96
55.689537,44,44975.72444,True,0.96
62.015396,30,44987.959269,True,0.96
57.290868,19,44995.743709,True,0.96
59.074316,18,45003.145493,True,0.96
