#{"t_start": 1776183257.2952, "env_id": "None"}
r,l,t,is_success,fusion_alpha
63.414605,140,25.019994,True,0.96
64.144832,141,49.86237,True,0.96
63.017235,28,54.800577,True,0.96
63.126733,28,59.675552,True,0.96
60.55808,24,63.892024,True,0.96
55.431363,94,80.692272,True,0.96
64.525586,97,97.619194,True,0.96
51.292156,41,104.723518,True,0.96
57.890628,18,107.901329,True,0.96
58.428139,132,130.903775,True,0.96
57.583409,141,155.452132,True,0.96
59.421701,25,159.835039,True,0.96
63.163868,32,165.442225,True,0.96
62.404392,35,171.700458,True,0.96
63.904022,138,196.350967,True,0.96
64.986223,89,212.138684,True,0.96
56.635791,16,215.055136,True,0.96
65.767904,177,246.675054,True,0.96
65.569073,142,272.262864,True,0.96
56.661541,17,275.308611,True,0.96
63.598574,32,281.175226,True,0.96
57.49235,125,304.171026,True,0.96
62.429045,28,309.229849,True,0.96
58.72641,21,313.049792,True,0.96
55.352927,64,324.656743,True,0.96
64.868603,90,340.845687,True,0.96
64.271119,37,347.522996,True,0.96
56.450882,118,387.495553,True,0.96
57.923364,82,402.311249,True,0.96
60.750723,40,409.494416,True,0.96
60.476915,23,413.681242,True,0.96
61.764704,27,418.586332,True,0.96
53.764253,10,420.417379,True,0.96
60.342491,25,424.95318,True,0.96
62.263221,28,430.032739,True,0.96
57.652856,22,434.001945,True,0.96
64.02919,97,451.611878,True,0.96
63.061195,33,457.641639,True,0.96
59.417741,18,460.890559,True,0.96
62.764983,34,467.097677,True,0.96
58.651093,18,470.387577,True,0.96
64.170726,33,476.322636,True,0.96
58.005878,16,479.314485,True,0.96
65.075108,57,489.647223,True,0.96
58.45152,17,492.72897,True,0.96
62.440449,145,519.453678,True,0.96
62.949545,89,535.444084,True,0.96
59.194402,128,558.684845,True,0.96
58.700516,75,572.233081,True,0.96
59.632957,95,589.318893,True,0.96
57.536204,24,593.687278,True,0.97
60.180636,92,610.53938,True,0.97
54.660084,17,613.652016,True,0.97
57.093132,15,616.654753,True,0.97
61.474774,29,622.072152,True,0.97
59.572445,75,636.033092,True,0.97
60.233929,92,652.586845,True,0.97
62.062654,59,663.475214,True,0.97
62.312079,95,680.641262,True,0.97
58.643693,45,688.757134,True,0.97
60.849971,111,708.846672,True,0.97
61.772594,89,724.958071,True,0.97
66.066058,121,746.771578,True,0.97
16.073715,600,867.491669,False,0.97
71.159395,313,924.189787,True,0.97
15.334037,600,1031.833119,False,0.97
58.120801,77,1045.511871,True,0.97
53.98562,317,1101.808116,True,0.97
8.078958,600,1222.522888,False,0.97
10.709802,600,1329.433759,False,0.97
6.748092,600,1436.853175,False,0.97
13.801661,600,1554.329475,False,0.97
72.752851,577,1653.985258,True,0.97
64.016107,254,1697.710609,True,0.97
67.808149,315,1753.394416,True,0.97
61.967038,219,1791.995278,True,0.97
58.888369,235,1833.566633,True,0.97
14.886303,600,1959.175897,False,0.97
12.161833,600,2065.950375,False,0.97
7.351247,600,2172.243536,False,0.97
7.422396,600,2289.689087,False,0.97
4.878499,600,2396.636202,False,0.97
7.259049,600,2503.904381,False,0.97
3.972775,600,2610.430066,False,0.97
2.285935,600,2730.270049,False,0.97
10.148098,600,2837.223554,False,0.97
4.960573,600,2944.92187,False,0.97
5.616114,600,3062.756064,False,0.97
3.237505,600,3172.16327,False,0.97
2.593334,600,3280.118721,False,0.97
3.764859,600,3388.117686,False,0.97
4.209133,600,3508.041321,False,0.97
10.863334,600,3616.872777,False,0.97
8.547256,600,3725.510453,False,0.97
9.478201,600,3838.730647,False,0.97
7.620906,600,3942.683493,False,0.97
5.908276,600,4047.207698,False,0.97
4.575848,600,4160.480211,False,0.97
10.710517,600,4265.478676,False,0.97
2.267979,600,4369.898449,False,0.97
6.381154,600,4475.138686,False,0.97
5.836838,600,4591.96524,False,0.97
7.050068,600,4698.209856,False,0.97
1.480008,600,4803.397836,False,0.97
11.546959,600,4917.887557,False,0.97
7.039586,600,5022.966068,False,0.97
2.615935,600,5130.656342,False,0.97
6.683641,600,5236.284479,False,0.97
7.191871,600,5353.606276,False,0.97
2.292917,600,5459.343997,False,0.97
1.966873,600,5565.571828,False,0.97
3.859536,600,5680.595486,False,0.97
2.342555,600,5787.03056,False,0.97
10.824891,600,5893.028081,False,0.97
8.643705,600,6000.173655,False,0.97
8.743534,600,6118.630629,False,0.97
4.264149,600,6226.055622,False,0.97
11.077999,600,6333.126097,False,0.97
6.994812,600,6451.826373,False,0.97
1.355978,600,6559.402026,False,0.97
0.069025,600,6668.056365,False,0.97
8.978008,600,6787.635572,False,0.97
6.613886,600,6896.55699,False,0.97
4.918402,600,7005.876008,False,0.97
10.14752,600,7116.051212,False,0.97
8.058556,600,7240.122148,False,0.97
1.779736,600,7351.073782,False,0.97
9.306325,600,7463.138987,False,0.97
5.504267,600,7591.236177,False,0.97
10.605828,600,7705.664981,False,0.97
7.151002,600,7823.045636,False,0.97
4.940775,600,7944.218724,False,0.97
11.834607,600,8079.252146,False,0.97
7.827659,600,8201.584949,False,0.97
4.001931,600,8326.216852,False,0.97
6.617263,600,8455.657843,False,0.97
6.233414,600,8573.784815,False,0.97
3.919522,600,8693.139611,False,0.97
-2.652495,600,8823.472265,False,0.97
-0.242202,600,8942.874611,False,0.97
8.497334,600,9063.524866,False,0.97
8.772775,600,9184.716653,False,0.97
8.134983,600,9322.543204,False,0.97
3.12247,600,9445.62131,False,0.97
6.570861,600,9569.366697,False,0.97
7.228398,600,9704.789863,False,0.97
12.892273,600,9829.073184,False,0.97
6.758463,600,9953.604141,False,0.97
3.155776,600,10079.988585,False,0.97
3.13335,600,10218.606388,False,0.97
3.386922,600,10345.865741,False,0.97
2.711553,600,10473.926934,False,0.97
9.629291,600,10614.33783,False,0.97
11.293272,600,10743.171711,False,0.97
10.952951,600,10873.867694,False,0.97
-3.079317,600,11016.519596,False,0.97
1.30607,600,11147.766001,False,0.97
5.117135,600,11279.609104,False,0.97
7.86207,600,11412.147441,False,0.97
3.021602,600,11559.888983,False,0.97
11.833949,600,11694.283374,False,0.97
6.455218,600,11829.3731,False,0.97
11.986898,600,11974.406527,False,0.97
1.682649,600,12109.650793,False,0.97
9.546153,600,12245.725911,False,0.97
7.477493,600,12382.278376,False,0.97
2.721197,600,12531.182674,False,0.97
2.893368,600,12668.974659,False,0.97
1.46281,600,12807.909091,False,0.97
7.909915,600,12957.143425,False,0.97
10.417323,600,13096.778768,False,0.97
3.114167,600,13236.91639,False,0.97
-1.90611,600,13378.260356,False,0.97
12.019595,600,13532.68436,False,0.97
2.777337,600,13675.471152,False,0.97
3.635203,600,13817.144332,False,0.97
4.37676,600,13970.352209,False,0.97
9.434475,600,14113.924561,False,0.97
4.075426,600,14258.492425,False,0.97
3.910646,600,14412.807355,False,0.97
10.352333,600,14557.218805,False,0.97
2.810817,600,14701.505515,False,0.97
11.676212,600,14847.626181,False,0.97
1.972212,600,15007.374355,False,0.97
5.077018,600,15155.169736,False,0.97
3.376468,600,15315.782155,False,0.97
5.591612,600,15478.348733,False,0.97
5.269283,600,15630.231478,False,0.97
3.581841,600,15782.224284,False,0.97
7.33926,600,15935.357883,False,0.97
7.470071,600,16102.956357,False,0.97
1.973935,600,16257.547231,False,0.97
4.509214,600,16413.254385,False,0.97
10.728452,600,16580.735175,False,0.97
11.486497,600,16736.800461,False,0.97
5.095124,600,16894.025002,False,0.97
6.986254,600,17063.52968,False,0.97
6.776856,600,17222.372535,False,0.97
10.410611,600,17381.682243,False,0.97
8.500997,600,17540.955082,False,0.97
5.10282,600,17714.737331,False,0.97
9.616143,600,17876.069016,False,0.97
-1.221772,600,18037.890332,False,0.97
6.429108,600,18208.765968,False,0.97
6.900181,600,18367.943824,False,0.97
0.361169,600,18528.125395,False,0.97
6.83747,600,18689.881626,False,0.97
4.043576,600,18865.597449,False,0.97
6.243581,600,19028.251775,False,0.97
7.870401,600,19192.430358,False,0.97
9.846599,600,19367.385921,False,0.97
8.297183,600,19532.503915,False,0.97
2.305787,600,19696.830265,False,0.97
4.944271,600,19862.466627,False,0.97
1.457203,600,20042.182706,False,0.97
11.565896,600,20208.953355,False,0.97
8.669672,600,20374.745295,False,0.97
6.044208,600,20553.858108,False,0.97
7.014252,600,20721.667637,False,0.97
4.668147,600,20890.270914,False,0.97
11.869193,600,21069.647422,False,0.97
10.421346,600,21239.137027,False,0.97
2.676942,600,21408.750273,False,0.97
3.978688,600,21579.128427,False,0.97
6.897784,600,21764.485846,False,0.97
51.019902,2,21765.136962,True,0.97
7.151849,600,21937.570026,False,0.97
3.095373,600,22110.246395,False,0.97
1.566844,600,22295.706144,False,0.97
8.488222,600,22469.640993,False,0.97
4.125722,600,22645.033131,False,0.97
7.569804,600,22819.207631,False,0.97
13.294744,600,23009.079997,False,0.97
5.805351,600,23184.710017,False,0.97
-1.211862,600,23361.682356,False,0.97
0.322994,600,23549.768505,False,0.97
7.272282,600,23726.711621,False,0.97
5.429741,600,23904.887462,False,0.97
11.565919,600,24095.368108,False,0.97
5.682783,600,24272.650634,False,0.97
6.805456,600,24451.661403,False,0.97
5.568673,600,24630.57271,False,0.97
9.623096,600,24824.864763,False,0.97
-1.967356,600,25005.890779,False,0.97
0.019917,600,25187.094361,False,0.97
6.630351,600,25381.197358,False,0.97
5.680585,600,25563.305704,False,0.97
5.38652,600,25745.93546,False,0.97
11.948456,600,25929.821412,False,0.97
7.177476,600,26128.315194,False,0.97
8.81955,600,26312.669258,False,0.97
4.99075,600,26497.883952,False,0.97
-0.83969,600,26696.101789,False,0.97
1.443799,600,26882.415381,False,0.97
8.357244,600,27069.148687,False,0.97
10.538263,600,27269.528752,False,0.97
10.270287,600,27456.768127,False,0.97
5.804742,600,27644.941491,False,0.97
5.602065,600,27834.033946,False,0.97
0.859646,600,28038.630616,False,0.97
8.202031,600,28227.486713,False,0.97
10.280587,600,28417.932719,False,0.97
4.320757,600,28621.343298,False,0.97
7.764986,600,28813.75363,False,0.97
8.826805,600,29005.639284,False,0.97
2.110972,600,29199.256155,False,0.97
9.345544,600,29406.758041,False,0.97
5.064045,600,29601.093703,False,0.97
8.248427,600,29795.642199,False,0.97
7.474194,600,30003.301218,False,0.97
11.919311,600,30199.530702,False,0.97
5.549223,600,30397.483312,False,0.97
9.469884,600,30594.563357,False,0.97
9.735113,600,30807.456444,False,0.97
-1.461718,600,31005.510339,False,0.97
7.143076,600,31204.873836,False,0.97
3.105252,600,31417.075109,False,0.97
5.086346,600,31617.64016,False,0.97
2.000446,600,31818.999854,False,0.97
2.102358,600,32033.28186,False,0.97
10.930896,600,32235.195532,False,0.97
8.185179,600,32439.456982,False,0.97
4.107125,600,32642.276865,False,0.97
8.735164,600,32860.96375,False,0.97
1.340356,600,33066.587012,False,0.97
5.718554,600,33271.236699,False,0.97
-1.058843,600,33489.997554,False,0.97
5.575323,600,33697.046063,False,0.97
2.92552,600,33904.371298,False,0.97
-3.235809,600,34112.521067,False,0.97
1.158597,600,34336.233894,False,0.97
2.833522,600,34544.366165,False,0.97
5.234246,600,34753.808781,False,0.97
4.920576,600,34976.586087,False,0.97
9.809892,600,35186.353777,False,0.97
6.411524,600,35396.978428,False,0.97
10.798221,600,35620.718851,False,0.97
6.701193,600,35832.561842,False,0.97
8.044159,600,36045.059579,False,0.97
2.256724,600,36258.15893,False,0.97
8.630292,600,36487.766607,False,0.97
-0.742711,600,36702.044882,False,0.97
2.121094,600,36916.087775,False,0.97
2.656882,600,37134.111763,False,0.97
0.802147,600,37339.422538,False,0.97
3.474866,600,37545.458336,False,0.97
5.155062,600,37751.641648,False,0.97
2.348497,600,37973.740578,False,0.97
4.741904,600,38181.331833,False,0.97
3.395005,600,38391.057193,False,0.97
3.969363,600,38614.342627,False,0.97
3.478744,600,38826.57553,False,0.97
5.020159,600,39038.793005,False,0.97
