#{"t_start": 1776440746.0961273, "env_id": "None"}
r,l,t,is_success,fusion_alpha
-10.29767,31,4.930142,False,0.95
-0.323846,31,9.474995,False,0.95
-5.507842,31,13.54644,False,0.95
56.621986,13,15.395654,True,0.95
-6.208173,31,19.710051,False,0.95
-23.448054,31,23.989637,False,0.95
-13.251784,31,28.269755,False,0.95
54.040889,8,29.443945,True,0.95
-7.342566,31,33.745611,False,0.95
60.526871,22,36.868601,True,0.95
57.368629,18,39.442174,True,0.95
-16.819132,31,43.724312,False,0.95
56.966281,16,46.011165,True,0.95
-18.43425,31,50.329752,False,0.95
58.132971,17,52.752392,True,0.95
56.709154,13,54.610209,True,0.95
-5.969684,31,58.904983,False,0.95
-1.505476,31,63.297217,False,0.95
-21.345992,31,67.679586,False,0.95
-22.730284,31,72.011084,False,0.95
-2.744064,31,76.491877,False,0.95
-13.846004,31,81.021497,False,0.95
61.458399,25,84.561719,True,0.95
-8.609858,31,88.882825,False,0.95
-24.944837,31,93.226127,False,0.95
-4.652858,31,97.585208,False,0.95
-22.702772,31,101.918457,False,0.95
62.181357,24,105.488937,True,0.95
-1.202111,31,110.560861,False,0.95
51.226506,3,111.092782,True,0.95
-9.145965,31,116.278088,False,0.95
58.589949,18,119.398424,True,0.95
54.106047,8,120.807018,True,0.95
56.029881,15,123.410755,True,0.95
-16.149736,31,128.688996,False,0.95
54.662145,9,130.288159,True,0.95
-0.752422,31,135.56331,False,0.95
-0.83787,31,140.883044,False,0.95
-9.09628,31,146.05961,False,0.95
-11.799986,31,151.111126,False,0.95
-20.649595,31,156.147995,False,0.95
57.433537,16,158.828168,True,0.95
-10.749723,31,163.942357,False,0.95
-24.324519,31,168.991953,False,0.95
58.670761,17,171.822242,True,0.95
-4.008517,31,176.864973,False,0.95
-4.878179,31,181.887873,False,0.95
-1.874913,31,186.975318,False,0.95
-10.253142,31,192.001574,False,0.95
-2.789789,31,197.103247,False,0.95
61.815432,24,201.092075,True,0.95
-9.997309,31,206.155428,False,0.95
-15.44115,31,211.20914,False,0.95
-3.895385,31,216.232353,False,0.95
-7.87544,31,221.356614,False,0.95
-11.33283,31,226.452941,False,0.95
-14.138266,31,231.505246,False,0.95
58.829927,17,234.378806,True,0.95
0.022303,31,239.504166,False,0.95
-12.950468,31,244.617334,False,0.95
-9.30313,31,249.685627,False,0.95
-7.472217,31,254.741893,False,0.95
-25.282832,31,259.797339,False,0.95
-1.556332,31,264.895111,False,0.95
56.137075,13,267.071817,True,0.95
-25.769455,31,272.14073,False,0.95
-9.265429,31,277.207732,False,0.95
-24.963008,31,282.265759,False,0.95
-0.240131,31,287.332166,False,0.95
60.922581,21,290.83518,True,0.95
0.642916,31,295.912113,False,0.95
-3.869979,31,300.987005,False,0.95
-13.144331,31,306.041101,False,0.95
-13.041862,31,311.097978,False,0.95
-13.418995,31,316.165287,False,0.95
62.151225,24,320.153375,True,0.95
-18.188421,31,329.291214,False,0.95
-24.304674,31,334.349615,False,0.95
1.393628,31,339.422267,False,0.95
-5.419539,31,344.282654,False,0.95
1.350309,31,349.353472,False,0.95
56.695919,13,351.535403,True,0.95
57.758354,15,354.051651,True,0.95
-0.846567,31,359.138684,False,0.95
59.499514,18,362.174727,True,0.95
1.166849,31,367.354132,False,0.95
-7.049707,31,372.625057,False,0.95
54.198255,9,374.190132,True,0.95
-8.774257,31,379.44196,False,0.95
59.732633,19,382.738567,True,0.95
60.825619,21,386.367677,True,0.95
-13.284763,31,391.622716,False,0.95
58.568154,19,394.900104,True,0.95
-7.465236,31,400.139642,False,0.95
57.912103,16,402.931287,True,0.95
54.406797,9,404.493136,True,0.95
-24.366657,31,409.736796,False,0.95
-1.967203,31,414.993393,False,0.95
-6.826803,31,420.114981,False,0.95
-3.140557,31,425.280472,False,0.95
58.592488,18,428.330467,True,0.95
-19.305116,31,433.422417,False,0.95
-12.890913,31,438.538651,False,0.95
-22.421071,31,443.623815,False,0.95
-1.417519,31,448.773983,False,0.95
-9.003195,31,453.852112,False,0.95
-11.536997,31,458.932788,False,0.95
-12.701005,31,464.074281,False,0.95
57.213199,14,466.439334,True,0.95
0.352715,31,471.522202,False,0.95
-18.381052,31,476.606338,False,0.95
-9.833248,31,481.734446,False,0.95
57.879924,16,484.471453,True,0.95
55.856806,12,486.614824,True,0.95
-13.646624,31,491.912638,False,0.95
-8.414155,31,497.206558,False,0.95
59.889058,20,500.733129,True,0.95
53.986683,8,502.152517,True,0.95
-12.845369,31,507.502908,False,0.95
57.179823,15,510.12698,True,0.95
-2.07495,31,515.529322,False,0.95
-25.69309,31,520.797887,False,0.95
-3.973463,31,526.090513,False,0.95
57.615844,15,528.70434,True,0.95
-9.725098,31,533.980191,False,0.95
-5.544212,31,539.01519,False,0.95
57.851842,15,541.628976,True,0.95
-25.497646,31,546.899101,False,0.95
-13.356313,31,552.242529,False,0.95
-2.850884,31,557.439082,False,0.95
-11.363153,31,562.508891,False,0.95
62.210589,25,566.650873,True,0.95
-3.379399,31,571.737826,False,0.95
-11.606555,31,576.820216,False,0.95
-4.79208,31,581.895147,False,0.95
54.872914,11,583.747615,True,0.95
-2.127561,31,588.820806,False,0.95
-6.008046,31,593.911533,False,0.95
-15.874541,31,598.976401,False,0.95
-3.900478,31,604.054741,False,0.95
-25.270393,31,609.11683,False,0.95
58.787733,18,612.144035,True,0.95
-4.482478,31,617.219229,False,0.95
-8.076771,31,622.290161,False,0.95
0.251633,31,627.363365,False,0.95
-4.726508,31,632.453576,False,0.95
-14.251983,31,637.570368,False,0.95
-9.231553,31,642.855507,False,0.95
-24.85922,31,648.09268,False,0.95
-11.076068,31,653.22719,False,0.95
-2.648281,31,658.321363,False,0.95
55.359334,12,660.379142,True,0.95
-11.116446,31,665.538631,False,0.95
-13.585821,31,674.866054,False,0.95
-24.122607,31,680.033457,False,0.95
-4.430555,31,685.124898,False,0.95
60.226113,20,688.510609,True,0.95
-5.3539,31,693.637026,False,0.95
-5.173625,31,698.758123,False,0.95
-12.110447,31,703.935179,False,0.95
61.558441,22,707.672495,True,0.95
-20.672426,31,712.852984,False,0.95
53.265338,9,714.441296,True,0.95
-3.894826,31,719.736222,False,0.95
-12.517301,31,725.004448,False,0.95
-17.912873,31,730.290047,False,0.95
-10.161634,31,735.578886,False,0.95
57.684442,19,738.885051,True,0.95
-12.745779,31,744.16586,False,0.95
-1.067912,31,749.484663,False,0.95
57.378542,15,752.103711,True,0.95
-22.530934,31,757.390926,False,0.95
-4.24219,31,762.484738,False,0.95
-8.986572,31,767.809841,False,0.95
-2.660667,31,773.102252,False,0.95
-3.358469,31,778.418971,False,0.95
-0.489376,31,783.745916,False,0.95
-20.566679,31,789.04525,False,0.95
-1.23779,31,794.387256,False,0.95
57.682501,15,797.014402,True,0.95
-11.66481,31,802.30057,False,0.95
-5.764997,31,807.677031,False,0.95
56.564753,13,809.968784,True,0.95
-12.485608,31,815.060922,False,0.95
58.542978,17,817.9228,True,0.95
59.759218,19,821.111944,True,0.95
-5.598876,32,826.433266,False,0.95
-12.734024,31,831.511665,False,0.95
53.613282,9,833.073658,True,0.95
59.127457,20,836.594255,True,0.95
-4.957315,31,841.884789,False,0.95
-12.326523,31,847.167358,False,0.95
61.658058,25,851.505801,True,0.95
-10.129859,31,856.830985,False,0.95
-25.200923,31,862.118804,False,0.95
56.099491,12,864.243888,True,0.95
-18.797639,31,869.52581,False,0.95
53.219104,7,870.766951,True,0.95
-14.489249,31,876.058418,False,0.95
-25.317139,31,881.341944,False,0.95
-2.51897,31,886.502791,False,0.95
-9.790337,31,891.793838,False,0.95
-14.851358,31,897.105195,False,0.95
-10.451308,31,902.221098,False,0.95
62.103788,24,906.26533,True,0.95
54.02527,9,907.788687,True,0.95
59.212995,18,910.845121,True,0.95
-2.281982,31,915.965185,False,0.95
-6.887852,31,921.057913,False,0.95
-23.113103,31,926.15102,False,0.95
-3.120948,31,931.269708,False,0.95
61.534891,23,935.132135,True,0.95
56.829045,14,937.5146,True,0.95
54.684063,9,939.038798,True,0.95
-19.896497,31,944.137752,False,0.95
58.379572,17,947.011096,True,0.95
-5.94347,31,952.098931,False,0.95
-14.849698,31,957.198098,False,0.95
-5.107969,31,962.080312,False,0.95
-22.543894,31,967.17936,False,0.95
-12.398638,31,972.281617,False,0.95
60.641337,23,976.144373,True,0.95
-0.482005,31,981.252023,False,0.95
-8.74398,31,986.352631,False,0.95
-22.99942,31,991.498435,False,0.95
-2.623135,31,996.664529,False,0.95
58.179391,16,999.376227,True,0.95
-1.778939,31,1004.488997,False,0.95
-22.586485,31,1009.595695,False,0.95
58.281562,18,1012.645013,True,0.95
58.498843,17,1015.510108,True,0.95
-4.562119,31,1024.861466,False,0.95
58.408204,19,1028.074606,True,0.95
-10.586192,31,1033.230575,False,0.95
59.14826,21,1036.790116,True,0.95
-3.775815,31,1041.946211,False,0.95
-12.043072,31,1047.111463,False,0.95
-12.836133,31,1052.282818,False,0.95
-6.534627,31,1057.418048,False,0.95
-7.24911,31,1062.54112,False,0.95
-12.561147,31,1067.696546,False,0.95
-8.1921,31,1072.837173,False,0.95
59.804749,22,1076.569572,True,0.95
-8.201506,31,1081.743861,False,0.95
58.620913,17,1084.631867,True,0.95
-6.247945,31,1089.772159,False,0.95
-18.494486,31,1094.950821,False,0.95
-11.937901,31,1100.079667,False,0.95
62.320677,24,1104.167314,True,0.95
-5.146428,31,1109.109998,False,0.95
-5.865024,31,1114.439754,False,0.95
-4.408784,31,1119.803172,False,0.95
-12.642833,31,1125.1164,False,0.95
60.120178,22,1129.023851,True,0.95
60.22477,20,1132.531154,True,0.95
-2.547551,31,1137.93276,False,0.95
58.430025,16,1140.754487,True,0.95
60.317175,20,1144.255948,True,0.95
-11.091836,31,1149.573452,False,0.95
-12.91534,31,1154.888449,False,0.95
-22.747998,31,1160.188189,False,0.95
53.593838,8,1161.61802,True,0.95
-25.379715,31,1166.923503,False,0.95
-24.739154,31,1172.2584,False,0.95
-7.260265,31,1177.586529,False,0.95
0.890429,31,1182.910828,False,0.95
-13.264377,31,1188.222478,False,0.95
-3.990179,31,1193.710373,False,0.95
56.730449,13,1196.030376,True,0.95
53.648409,7,1197.242016,True,0.95
-18.969109,31,1202.368603,False,0.95
-10.033832,31,1207.501098,False,0.95
50.509733,1,1207.6938,True,0.95
-5.839057,31,1212.814423,False,0.95
-12.536779,31,1217.936957,False,0.95
59.174454,18,1220.985445,True,0.95
55.298786,13,1223.182504,True,0.95
-1.667482,31,1228.363441,False,0.95
-13.298631,31,1233.485558,False,0.95
-13.267874,31,1238.663979,False,0.95
-21.929778,31,1243.874556,False,0.95
-5.361662,31,1249.023893,False,0.95
-9.429346,31,1254.156335,False,0.95
-7.786936,31,1259.351354,False,0.95
-10.572029,31,1264.616716,False,0.95
1.637781,31,1269.890879,False,0.95
62.105965,24,1274.08694,True,0.95
57.333932,14,1276.560811,True,0.95
-18.448511,31,1281.867675,False,0.95
56.49467,13,1284.146084,True,0.95
59.479617,18,1287.31651,True,0.95
1.833006,31,1292.630565,False,0.95
51.19226,4,1293.365311,True,0.95
-1.012017,31,1298.733633,False,0.95
-21.721289,31,1304.064972,False,0.95
-6.98696,31,1309.394121,False,0.95
-3.1737,31,1314.731543,False,0.95
