#{"t_start": 1774271305.8688312, "env_id": "None"}
r,l,t,is_success,fusion_alpha
59.21584,266,45.071552,True,0.95
55.573684,156,71.265291,True,0.95
58.545095,412,137.527041,True,0.95
5.292034,600,232.857908,False,0.95
59.763829,444,306.082263,True,0.95
14.956273,600,413.019731,False,0.95
62.373915,321,465.475529,True,0.95
56.140232,79,478.52393,True,0.95
64.808036,311,527.281045,True,0.95
66.716213,260,569.823288,True,0.95
64.561512,339,624.537746,True,0.95
64.695417,139,646.89201,True,0.95
62.947342,151,672.80218,True,0.95
62.335597,411,758.490936,True,0.95
60.55616,289,808.204311,True,0.95
64.408386,256,850.890347,True,0.95
66.554166,257,893.92668,True,0.95
65.619362,204,926.665472,True,0.95
62.931931,319,980.336117,True,0.95
62.88258,306,1030.92788,True,0.95
68.302553,414,1117.909245,True,0.95
58.838414,72,1129.782145,True,0.95
68.327763,346,1188.332623,True,0.95
64.228106,169,1215.999637,True,0.95
60.404682,191,1247.263551,True,0.95
57.371507,127,1268.084583,True,0.95
62.176015,245,1308.88181,True,0.95
61.916357,356,1368.967716,True,0.95
63.366498,141,1392.82419,True,0.95
59.913334,97,1426.306968,True,0.95
62.795989,147,1451.137903,True,0.95
60.949797,27,1455.690387,True,0.95
61.791532,187,1487.341518,True,0.95
59.227192,221,1524.699973,True,0.95
63.469652,155,1550.936517,True,0.95
63.95289,164,1578.360407,True,0.95
56.752216,118,1598.14643,True,0.95
64.289988,134,1620.637299,True,0.95
66.228491,106,1638.267762,True,0.95
59.283005,82,1651.969103,True,0.95
58.659185,151,1677.814115,True,0.95
54.389914,86,1692.287562,True,0.95
61.970404,213,1728.324679,True,0.95
60.551077,274,1794.281896,True,0.95
56.132631,135,1817.19404,True,0.95
55.52338,18,1820.285754,True,0.95
58.882762,134,1842.971979,True,0.95
54.668169,14,1845.390362,True,0.95
59.431881,163,1872.985606,True,0.95
57.00738,19,1876.215657,True,0.95
62.757939,98,1893.269991,True,0.95
70.758913,299,1943.976825,True,0.95
63.632695,282,1991.560605,True,0.95
62.194452,159,2018.869572,True,0.95
52.373248,17,2021.834109,True,0.95
54.135149,28,2026.691952,True,0.95
62.38759,143,2050.998823,True,0.95
60.75454,91,2066.617122,True,0.95
60.572179,86,2081.331415,True,0.95
50.317533,1,2081.568386,True,0.95
57.140595,23,2085.53885,True,0.95
59.572403,145,2111.224841,True,0.95
54.112712,72,2124.07044,True,0.95
56.155158,84,2157.383684,True,0.95
61.395433,33,2162.885169,True,0.95
61.914007,180,2192.863184,True,0.95
54.839196,22,2196.555369,True,0.95
54.632709,122,2216.866629,True,0.95
61.948218,144,2242.433265,True,0.95
57.587447,81,2256.800799,True,0.95
57.700517,16,2259.742816,True,0.95
53.504982,118,2279.838848,True,0.95
64.407868,212,2316.512343,True,0.95
63.277064,99,2333.334234,True,0.95
60.464553,226,2371.691502,True,0.95
59.725604,153,2397.650783,True,0.95
57.543425,192,2430.237156,True,0.95
56.334743,183,2461.340738,True,0.95
68.055279,290,2529.871593,True,0.95
61.19372,137,2553.348722,True,0.95
63.511767,141,2577.667905,True,0.95
59.203143,81,2591.576598,True,0.95
63.607207,193,2624.88323,True,0.95
58.598134,100,2642.840029,True,0.95
53.112185,22,2646.596895,True,0.95
61.35015,89,2661.85449,True,0.95
60.623478,228,2701.259815,True,0.95
65.327646,178,2732.023244,True,0.95
65.17145,171,2761.010595,True,0.95
64.359891,94,2777.015792,True,0.95
65.38411,149,2802.33686,True,0.95
57.790713,87,2817.211736,True,0.95
64.464663,247,2859.309402,True,0.95
57.713383,26,2863.743702,True,0.95
58.144741,22,2885.523823,True,0.95
62.237141,163,2913.616077,True,0.95
60.696321,176,2943.78743,True,0.95
57.898138,141,2968.613776,True,0.95
60.759476,31,2974.177357,True,0.95
58.27295,86,2988.774843,True,0.95
54.115961,9,2990.384049,True,0.95
53.696922,92,3006.509011,True,0.95
66.012852,146,3031.84343,True,0.95
50.481895,1,3032.063104,True,0.95
61.134483,28,3036.931837,True,0.95
62.019888,84,3050.910027,True,0.95
54.913946,11,3052.83423,True,0.95
58.925312,94,3068.939041,True,0.95
54.267483,11,3070.851286,True,0.95
54.416712,71,3083.012207,True,0.95
64.79796,100,3100.115459,True,0.95
60.004094,162,3128.321139,True,0.95
67.034013,41,3135.471455,True,0.95
61.556754,27,3140.235242,True,0.95
57.562924,26,3144.751514,True,0.95
58.649933,91,3160.693889,True,0.95
63.079501,36,3166.673512,True,0.95
65.26811,41,3173.682779,True,0.95
54.375556,13,3176.008617,True,0.95
61.330191,26,3180.584666,True,0.95
58.967204,26,3185.158914,True,0.95
60.499865,160,3213.190242,True,0.95
64.40893,117,3232.656023,True,0.95
53.60542,66,3261.323344,True,0.95
62.217393,101,3278.721559,True,0.95
62.008102,91,3294.362971,True,0.95
51.800047,51,3303.106262,True,0.95
58.740074,22,3306.904056,True,0.95
53.940312,10,3308.6506,True,0.95
60.547669,92,3324.429563,True,0.95
59.936389,30,3329.598936,True,0.95
61.004343,31,3335.556447,True,0.95
64.343827,98,3352.463994,True,0.95
63.963878,187,3384.792783,True,0.95
65.226942,60,3395.622227,True,0.95
58.548331,80,3409.818124,True,0.95
61.040646,28,3414.704609,True,0.95
56.722663,137,3438.582447,True,0.95
58.974157,22,3442.423242,True,0.95
57.384821,69,3454.465811,True,0.95
55.485559,29,3459.569657,True,0.95
59.938659,35,3465.659886,True,0.95
59.173653,23,3469.713074,True,0.95
64.542782,38,3476.327127,True,0.95
54.912249,11,3478.297018,True,0.95
59.949622,81,3492.433557,True,0.95
58.806077,107,3511.249739,True,0.95
55.428265,12,3513.414846,True,0.95
60.290939,24,3517.667211,True,0.95
58.803238,21,3521.396577,True,0.95
61.52275,262,3568.716542,True,0.95
58.60552,127,3591.572134,True,0.95
65.134384,34,3597.595896,True,0.95
64.359925,89,3613.549383,True,0.95
54.461108,13,3630.915212,True,0.95
57.835847,90,3646.642523,True,0.95
62.185097,100,3664.182732,True,0.95
63.66409,97,3681.273,True,0.95
60.494054,79,3695.064906,True,0.95
61.811273,98,3712.146479,True,0.95
61.546882,74,3724.904763,True,0.95
62.976394,36,3731.152325,True,0.95
55.50539,17,3734.093666,True,0.95
64.203105,62,3744.755192,True,0.95
58.575793,102,3762.320621,True,0.95
57.454763,85,3777.308971,True,0.95
59.353435,28,3782.108846,True,0.95
54.823979,58,3792.027038,True,0.95
62.366055,27,3796.642086,True,0.95
62.117755,97,3812.669579,True,0.95
64.840967,33,3818.355644,True,0.95
60.85764,110,3837.166926,True,0.95
58.970451,19,3840.436107,True,0.95
58.451211,24,3844.582075,True,0.95
61.245354,142,3868.797154,True,0.95
56.20389,18,3871.926049,True,0.95
62.861961,45,3879.730642,True,0.95
56.671928,119,3900.102031,True,0.95
67.403658,135,3923.084527,True,0.95
56.579402,17,3926.040634,True,0.95
60.939015,23,3930.01508,True,0.95
60.529426,85,3944.606962,True,0.95
61.419453,26,3949.104463,True,0.95
66.863172,78,3962.436914,True,0.95
59.626577,21,3966.062045,True,0.95
62.175074,128,4001.545328,True,0.95
51.298172,81,4015.524964,True,0.95
57.112542,15,4018.19062,True,0.95
57.921398,85,4033.335584,True,0.95
63.786192,34,4039.407696,True,0.95
59.733515,23,4043.466977,True,0.95
64.063955,107,4062.192999,True,0.95
59.622582,28,4067.034234,True,0.95
56.789799,22,4070.803186,True,0.95
60.985633,29,4075.799997,True,0.95
55.571573,12,4077.897653,True,0.95
57.400138,17,4080.842974,True,0.95
56.970604,103,4098.475182,True,0.95
57.685891,16,4101.244199,True,0.95
58.532352,17,4104.221117,True,0.95
54.707476,9,4105.834979,True,0.95
59.264067,23,4109.792435,True,0.95
63.336792,154,4136.251724,True,0.95
54.20087,11,4138.227148,True,0.95
54.629839,12,4140.349352,True,0.95
61.756939,23,4144.43572,True,0.95
59.152878,105,4163.247925,True,0.95
55.188086,12,4165.504108,True,0.95
62.436602,64,4177.405537,True,0.95
64.607411,38,4184.585726,True,0.95
59.257806,19,4188.145605,True,0.95
63.443952,31,4193.755966,True,0.95
62.465393,36,4200.778726,True,0.95
58.929357,20,4204.491702,True,0.95
56.313008,118,4225.989772,True,0.95
60.612956,28,4231.031382,True,0.95
62.788381,31,4236.368216,True,0.95
58.541327,25,4240.83522,True,0.95
63.730557,102,4258.967147,True,0.95
62.540806,102,4276.515903,True,0.95
56.290234,99,4293.610162,True,0.95
55.769251,12,4295.708822,True,0.95
61.722436,26,4300.177636,True,0.95
58.820915,19,4303.540329,True,0.95
61.767799,27,4308.316414,True,0.95
56.614326,103,4326.082118,True,0.95
62.837138,29,4331.117586,True,0.95
57.261572,16,4333.922434,True,0.95
63.194233,29,4339.041763,True,0.95
65.950499,163,4379.5095,True,0.95
51.926789,6,4380.60023,True,0.95
53.443054,106,4399.072021,True,0.95
57.837696,17,4402.081702,True,0.95
62.968924,32,4407.770282,True,0.95
54.64271,11,4409.746505,True,0.95
55.290597,11,4411.704045,True,0.95
60.256181,47,4420.383236,True,0.95
57.767704,20,4423.915951,True,0.95
59.538805,25,4428.407661,True,0.95
64.195032,108,4447.893243,True,0.95
54.821294,16,4450.826594,True,0.95
58.180634,155,4478.698846,True,0.95
61.354262,29,4483.996172,True,0.95
54.129369,90,4500.242648,True,0.95
59.709952,20,4503.983933,True,0.95
53.261768,7,4505.341406,True,0.95
55.716231,65,4517.089866,True,0.95
54.837697,10,4518.95196,True,0.95
60.687085,28,4524.043506,True,0.95
63.082317,27,4528.992389,True,0.95
62.925294,26,4533.748314,True,0.95
61.232454,33,4539.621227,True,0.95
59.948317,24,4543.974426,True,0.95
58.389628,16,4546.852982,True,0.95
62.602065,33,4552.499582,True,0.95
55.817649,66,4564.417798,True,0.95
60.977039,24,4568.636117,True,0.95
63.524086,31,4574.058619,True,0.95
64.327687,132,4597.572409,True,0.95
53.888921,17,4600.544163,True,0.95
54.71187,9,4602.159009,True,0.95
62.036672,108,4620.8292,True,0.95
64.833001,56,4630.577199,True,0.95
62.936257,29,4636.162595,True,0.95
63.832979,31,4641.693138,True,0.95
62.503198,129,4664.748602,True,0.95
59.169442,92,4680.960007,True,0.95
55.076887,14,4683.503362,True,0.95
60.318475,27,4688.540739,True,0.95
56.100304,108,4707.380316,True,0.95
58.523681,19,4710.74564,True,0.95
58.023385,18,4713.940319,True,0.95
63.19791,73,4726.733759,True,0.95
55.87282,16,4729.591513,True,0.95
61.794047,146,4767.750528,True,0.95
59.040376,92,4783.781429,True,0.95
58.126833,65,4795.091686,True,0.95
61.433845,28,4799.972765,True,0.95
64.691738,125,4821.731138,True,0.95
59.588977,28,4826.667861,True,0.95
63.198523,92,4842.611895,True,0.95
59.927936,21,4846.297377,True,0.95
60.689886,134,4870.57533,True,0.95
64.181049,80,4884.951979,True,0.95
58.489799,28,4889.992173,True,0.95
59.165513,24,4894.335431,True,0.95
53.964426,9,4896.008893,True,0.95
59.644373,100,4913.938166,True,0.95
49.676904,1,4914.180006,True,0.95
60.754876,91,4930.462124,True,0.95
66.431725,52,4939.794456,True,0.95
66.877784,45,4947.874345,True,0.95
58.4828,50,4956.809919,True,0.95
56.442732,87,4972.486712,True,0.95
59.286955,31,4978.139085,True,0.95
59.810482,24,4982.504773,True,0.95
59.782051,135,5006.757478,True,0.95
-0.898337,71,5019.46793,False,0.95
60.522449,36,5025.975389,True,0.95
53.869268,9,5027.648791,True,0.95
58.953232,25,5032.167928,True,0.95
55.768214,20,5035.783431,True,0.95
61.779444,25,5040.294887,True,0.95
55.840593,15,5043.035429,True,0.95
63.366307,30,5048.472428,True,0.95
57.447181,20,5052.120955,True,0.95
58.476289,19,5055.57831,True,0.95
65.266324,68,5067.806932,True,0.95
59.730909,117,5089.273464,True,0.95
56.787258,13,5091.653,True,0.95
56.440787,17,5094.752064,True,0.95
60.388644,93,5111.528998,True,0.95
63.916043,32,5130.02026,True,0.95
60.284672,26,5134.744159,True,0.95
66.370596,88,5150.577501,True,0.95
64.115994,30,5156.017997,True,0.95
63.113976,30,5161.431081,True,0.95
57.479837,101,5179.534238,True,0.95
63.336297,42,5187.067839,True,0.95
65.033065,61,5198.029536,True,0.95
53.404571,8,5199.511749,True,0.95
55.387576,13,5201.878834,True,0.95
57.169181,228,5242.80822,True,0.95
61.121349,28,5247.911012,True,0.95
55.427629,14,5250.473792,True,0.95
63.817571,32,5256.257436,True,0.95
60.726189,30,5261.652596,True,0.95
60.454373,23,5265.814491,True,0.95
56.375635,18,5269.095097,True,0.95
55.250377,10,5270.942793,True,0.95
59.113529,111,5290.963614,True,0.95
54.316652,80,5306.173725,True,0.95
59.584626,93,5322.527326,True,0.95
59.95207,88,5337.737646,True,0.95
60.344196,123,5359.023194,True,0.95
63.853466,33,5364.676632,True,0.95
57.46276,153,5391.962402,True,0.95
58.154813,17,5395.009564,True,0.95
55.835123,59,5405.435929,True,0.95
57.915515,90,5421.74883,True,0.95
57.671573,19,5425.124409,True,0.95
50.20638,1,5425.350012,True,0.95
60.183133,20,5428.885608,True,0.95
56.602926,15,5431.62441,True,0.95
60.441814,30,5437.066639,True,0.95
61.911811,24,5441.456589,True,0.95
58.382211,16,5444.372377,True,0.95
64.117074,35,5451.07655,True,0.95
60.178398,27,5456.018685,True,0.95
58.441211,30,5461.409348,True,0.95
59.971503,29,5466.574685,True,0.95
61.478842,25,5471.076289,True,0.95
61.750323,23,5475.216161,True,0.95
55.722594,31,5480.745501,True,0.95
55.444222,104,5511.998198,True,0.95
58.955865,61,5523.356619,True,0.95
62.292149,39,5530.339807,True,0.95
62.242679,28,5535.394411,True,0.95
62.690003,28,5540.450448,True,0.95
56.982013,49,5549.18784,True,0.95
58.749491,95,5566.169068,True,0.95
60.154716,25,5570.652226,True,0.95
56.106942,19,5574.055317,True,0.95
63.341272,31,5579.644138,True,0.95
64.085096,32,5585.365431,True,0.95
64.841596,40,5592.598082,True,0.95
56.858683,79,5606.762239,True,0.95
62.911456,107,5625.820932,True,0.95
53.394316,8,5627.30268,True,0.95
55.275636,83,5642.168244,True,0.95
53.26728,8,5643.640848,True,0.95
64.728715,114,5663.971278,True,0.95
65.144929,45,5671.99612,True,0.95
53.894035,69,5684.341081,True,0.95
53.698519,9,5685.987202,True,0.95
63.513929,31,5691.576309,True,0.95
57.558036,21,5695.35365,True,0.95
63.215916,32,5701.158101,True,0.95
63.181901,35,5707.475441,True,0.95
62.094743,28,5712.606481,True,0.95
55.548424,88,5728.786453,True,0.95
58.654471,27,5733.758419,True,0.95
58.07765,18,5737.069696,True,0.95
63.639392,96,5755.129097,True,0.95
64.686411,37,5762.117901,True,0.95
62.217971,32,5767.567629,True,0.95
60.596252,23,5771.697525,True,0.95
55.06232,83,5786.501683,True,0.95
63.341297,34,5792.607359,True,0.95
60.317216,26,5797.296705,True,0.95
63.096148,104,5815.858878,True,0.95
54.814494,14,5818.399816,True,0.95
61.932628,33,5824.367036,True,0.95
57.429381,18,5827.619883,True,0.95
61.795098,27,5832.50492,True,0.95
51.12286,45,5840.573012,True,0.95
67.021435,48,5849.135861,True,0.95
62.378122,29,5854.185582,True,0.95
63.869122,40,5861.172329,True,0.95
52.795473,36,5867.620239,True,0.95
58.552221,172,5908.790047,True,0.95
64.954164,42,5916.382691,True,0.95
60.747345,26,5921.059068,True,0.95
61.373002,35,5927.340751,True,0.95
57.632013,16,5930.259148,True,0.95
62.025793,25,5934.770175,True,0.95
57.423679,23,5938.918045,True,0.95
57.324483,90,5955.099243,True,0.95
62.789152,28,5960.197285,True,0.95
63.645517,85,5975.933346,True,0.95
61.03186,27,5980.830337,True,0.95
62.282731,56,5990.870139,True,0.95
63.268769,31,5996.442448,True,0.95
57.172616,21,6000.229758,True,0.95
58.985952,25,6004.727025,True,0.95
63.419569,98,6022.344658,True,0.95
68.04538,83,6037.162398,True,0.95
62.284372,27,6042.04792,True,0.95
60.807331,25,6046.582271,True,0.95
61.434174,26,6051.267303,True,0.95
64.053107,36,6057.76989,True,0.95
62.732959,31,6063.37372,True,0.95
58.011592,108,6082.736354,True,0.95
61.413005,58,6093.177256,True,0.95
55.000939,16,6096.112738,True,0.95
57.053279,17,6099.205156,True,0.95
60.694761,27,6104.072576,True,0.95
57.543852,20,6107.712729,True,0.95
58.302363,24,6112.052872,True,0.95
53.80105,8,6113.542672,True,0.95
60.110298,36,6119.984013,True,0.95
52.920165,80,6134.32542,True,0.95
54.85537,25,6138.824787,True,0.95
59.393474,23,6143.005199,True,0.95
60.69404,24,6147.36715,True,0.95
57.521118,15,6150.126055,True,0.95
64.555938,36,6156.640801,True,0.95
57.457233,104,6175.291633,True,0.95
54.987504,15,6178.018033,True,0.95
61.811745,28,6183.087787,True,0.95
60.562437,108,6202.958892,True,0.95
53.554217,8,6204.438946,True,0.95
58.934059,93,6221.074394,True,0.95
64.575528,89,6237.069919,True,0.95
58.937272,23,6241.256839,True,0.95
56.869835,23,6245.413869,True,0.95
62.798614,28,6250.455325,True,0.95
58.328899,25,6254.976546,True,0.95
63.030119,29,6271.491173,True,0.95
60.899262,28,6276.552963,True,0.95
54.483041,9,6278.224957,True,0.95
55.446687,12,6280.427144,True,0.95
60.806836,32,6286.156171,True,0.95
56.965804,17,6289.269139,True,0.95
57.713146,21,6293.077688,True,0.95
52.748772,71,6305.828968,True,0.95
63.035334,34,6312.00731,True,0.95
64.10303,44,6319.872149,True,0.95
55.636906,19,6323.327235,True,0.95
62.254706,30,6328.79184,True,0.95
55.96878,88,6344.578923,True,0.95
63.327731,38,6351.44568,True,0.95
56.539938,14,6353.995664,True,0.95
58.032916,21,6357.829021,True,0.95
63.587089,34,6363.94143,True,0.95
65.02823,38,6370.822899,True,0.95
63.010745,35,6377.185845,True,0.95
60.090645,26,6381.857928,True,0.95
61.752898,27,6386.784679,True,0.95
64.417431,39,6393.889395,True,0.95
63.040982,32,6399.690325,True,0.95
55.500281,101,6418.329242,True,0.95
61.742744,32,6424.132402,True,0.95
53.981907,9,6425.810105,True,0.95
61.740042,41,6433.184682,True,0.95
58.813271,91,6449.5862,True,0.95
62.94159,32,6455.396746,True,0.95
56.924436,23,6459.566314,True,0.95
61.769907,30,6464.983985,True,0.95
59.482307,22,6468.981393,True,0.95
58.873898,22,6472.974648,True,0.95
65.00839,39,6480.034521,True,0.95
60.540265,31,6485.650586,True,0.95
55.58997,95,6502.799189,True,0.95
62.878154,31,6508.379306,True,0.95
58.859055,31,6514.01105,True,0.95
54.834587,15,6516.763807,True,0.95
59.822995,123,6538.846067,True,0.95
59.366833,24,6543.215487,True,0.95
59.449549,23,6547.378325,True,0.95
55.634752,13,6549.760424,True,0.95
60.429704,29,6555.085938,True,0.95
63.820024,99,6573.01913,True,0.95
64.822364,59,6583.631858,True,0.95
62.17205,29,6588.88352,True,0.95
58.495831,20,6592.534071,True,0.95
64.476623,39,6599.564382,True,0.95
56.447709,76,6613.269659,True,0.95
62.382964,26,6617.979799,True,0.95
64.571632,35,6624.354344,True,0.95
60.300145,24,6629.228238,True,0.95
54.718935,14,6631.806396,True,0.95
51.017649,65,6653.861846,True,0.95
62.99375,30,6659.176203,True,0.95
59.606539,25,6663.727108,True,0.95
57.615171,30,6669.153412,True,0.95
57.041516,26,6673.910137,True,0.95
61.619159,32,6679.72429,True,0.95
60.695764,30,6684.980321,True,0.95
62.997384,32,6690.783303,True,0.95
63.418113,36,6697.365076,True,0.95
59.033165,21,6701.211694,True,0.95
61.154732,32,6706.790046,True,0.95
49.616994,1,6707.03146,True,0.95
57.4406,86,6722.541251,True,0.95
62.182363,36,6729.100564,True,0.95
58.992762,26,6733.824648,True,0.95
59.775016,26,6738.546253,True,0.95
58.896525,27,6743.506683,True,0.95
52.120726,27,6748.518981,True,0.95
56.258259,16,6751.606069,True,0.95
61.546051,88,6768.368691,True,0.95
62.041494,31,6774.137621,True,0.95
54.11724,95,6791.837425,True,0.95
53.149313,29,6797.222015,True,0.95
55.839018,28,6802.30261,True,0.95
63.553112,37,6808.99636,True,0.95
63.258318,119,6830.686031,True,0.95
57.563575,18,6834.005196,True,0.95
57.895597,21,6837.824208,True,0.95
58.166341,21,6841.647097,True,0.95
64.320693,31,6847.273722,True,0.95
58.804744,24,6851.666175,True,0.95
54.342761,10,6853.53666,True,0.95
60.93841,113,6874.371584,True,0.95
65.312467,43,6882.175042,True,0.95
59.589596,24,6886.592923,True,0.95
56.614306,23,6890.782517,True,0.95
63.368792,35,6897.022585,True,0.95
59.732518,35,6903.361587,True,0.95
57.077399,23,6907.522867,True,0.95
55.315184,106,6926.728955,True,0.95
54.180812,74,6940.150778,True,0.95
55.05701,11,6942.198807,True,0.95
54.284709,9,6943.884139,True,0.95
50.996773,3,6944.475278,True,0.95
57.800271,17,6947.575545,True,0.95
61.247862,89,6963.722726,True,0.95
62.938006,93,6980.603535,True,0.95
54.998847,12,6982.825941,True,0.95
63.573993,29,6988.094983,True,0.95
61.611215,44,6996.103219,True,0.95
62.236097,27,7001.008202,True,0.95
63.021616,64,7012.569403,True,0.95
52.919072,6,7013.699231,True,0.95
60.782225,25,7018.266834,True,0.95
54.751875,15,7021.034055,True,0.95
62.101278,28,7036.439437,True,0.95
58.809542,80,7050.992741,True,0.95
53.314,7,7052.304985,True,0.95
57.278489,16,7055.263273,True,0.95
56.784181,15,7058.04765,True,0.95
60.703294,30,7063.522654,True,0.95
55.23819,130,7087.548243,True,0.95
55.168161,17,7090.678345,True,0.95
53.245154,30,7096.142078,True,0.95
60.764854,93,7113.003562,True,0.95
58.073252,97,7130.587125,True,0.95
57.9215,22,7134.609596,True,0.95
62.165219,39,7141.684442,True,0.95
59.25178,79,7156.118934,True,0.95
53.958093,9,7157.803628,True,0.95
54.656713,47,7166.368665,True,0.95
62.342123,27,7171.294589,True,0.95
63.151236,151,7198.755216,True,0.95
65.1653,41,7206.222634,True,0.95
64.020355,32,7212.026,True,0.95
61.892063,29,7217.327748,True,0.95
58.022335,29,7222.630261,True,0.95
56.958765,14,7225.21274,True,0.95
56.866444,32,7231.040402,True,0.95
59.061064,85,7246.576157,True,0.95
64.200596,41,7253.82506,True,0.95
58.493812,21,7257.689048,True,0.95
63.669501,43,7265.535903,True,0.95
59.16663,78,7279.696436,True,0.95
51.326022,38,7286.670635,True,0.95
66.720632,48,7295.44125,True,0.95
62.683071,31,7301.14715,True,0.95
65.324037,160,7330.826851,True,0.95
62.773648,25,7335.413436,True,0.95
60.408888,26,7340.218589,True,0.95
61.774292,68,7352.6565,True,0.95
58.503376,130,7376.405882,True,0.95
65.168914,157,7404.935608,True,0.95
62.391605,32,7423.692563,True,0.95
60.981371,27,7428.574712,True,0.95
59.562802,23,7432.829941,True,0.95
58.482645,27,7437.794563,True,0.95
50.211439,1,7438.032664,True,0.95
58.610863,24,7442.435668,True,0.95
62.889144,31,7448.14668,True,0.95
56.410607,138,7473.383471,True,0.95
61.317403,30,7478.841413,True,0.95
59.360126,26,7483.473839,True,0.95
60.385603,24,7487.983647,True,0.95
58.787432,23,7492.385054,True,0.95
64.093274,36,7499.111273,True,0.95
60.629162,29,7504.289173,True,0.95
63.150805,107,7523.245471,True,0.95
64.063809,34,7529.278566,True,0.95
62.758375,30,7535.08691,True,0.95
59.630802,155,7562.656354,True,0.95
58.204513,20,7566.232504,True,0.95
63.338729,72,7579.144026,True,0.95
58.595599,46,7587.729915,True,0.95
61.933563,64,7599.306499,True,0.95
61.772103,96,7616.985163,True,0.95
59.5943,27,7621.977208,True,0.95
58.134217,24,7626.422684,True,0.95
61.103747,25,7631.072101,True,0.95
58.501246,26,7635.889738,True,0.95
57.516824,20,7639.62117,True,0.95
59.59752,27,7644.634275,True,0.95
64.385828,101,7663.174333,True,0.95
62.004465,35,7669.455334,True,0.95
59.90023,53,7678.902183,True,0.95
54.403672,23,7683.10799,True,0.95
63.773467,66,7694.954141,True,0.95
59.941144,72,7707.867386,True,0.95
60.670175,29,7713.065445,True,0.95
65.253935,41,7720.411669,True,0.95
62.128347,100,7738.262468,True,0.95
57.643447,21,7742.060803,True,0.95
62.262191,33,7747.938041,True,0.95
58.534024,21,7751.759115,True,0.95
58.94918,23,7756.455356,True,0.95
66.200223,45,7764.504068,True,0.95
62.103712,159,7806.08878,True,0.95
63.106663,64,7817.991476,True,0.95
60.772309,82,7833.174044,True,0.95
56.635042,14,7835.803662,True,0.95
62.437883,95,7853.433993,True,0.95
55.200656,13,7855.871694,True,0.95
59.264563,94,7873.266744,True,0.95
57.49295,90,7889.974306,True,0.95
63.550436,33,7896.109093,True,0.95
60.355239,82,7911.36399,True,0.95
57.545265,98,7929.602101,True,0.95
62.879895,31,7935.402661,True,0.95
59.915827,25,7940.079972,True,0.95
58.547899,20,7943.820801,True,0.95
57.712444,87,7960.038672,True,0.95
59.705358,31,7965.684269,True,0.95
64.6737,34,7971.827262,True,0.95
54.357054,77,7986.144154,True,0.95
57.61122,25,7990.672315,True,0.95
55.236127,14,7993.255405,True,0.95
64.389313,36,7999.771699,True,0.95
62.958082,29,8005.016259,True,0.95
57.535597,72,8017.997449,True,0.95
60.741948,34,8024.460763,True,0.95
62.610073,36,8030.959965,True,0.95
60.721139,31,8036.627551,True,0.95
63.705312,34,8042.762853,True,0.95
62.654588,26,8047.498596,True,0.95
55.154854,80,8062.020175,True,0.95
65.269811,95,8079.190209,True,0.95
62.48301,28,8084.316347,True,0.95
58.0684,23,8088.503618,True,0.95
56.60174,21,8092.387105,True,0.95
56.031177,18,8095.697935,True,0.95
58.844253,25,8100.223913,True,0.95
56.933226,22,8104.230343,True,0.95
60.009099,74,8117.651958,True,0.95
67.665784,76,8131.462054,True,0.95
51.108668,46,8139.854775,True,0.95
55.154894,54,8149.905438,True,0.95
58.405839,22,8154.05758,True,0.95
55.711539,21,8158.038765,True,0.95
58.811557,22,8162.191828,True,0.95
57.898628,19,8165.784163,True,0.95
59.150327,71,8179.104306,True,0.95
61.025116,27,8194.462384,True,0.95
61.090958,106,8214.826761,True,0.95
61.297477,31,8220.656112,True,0.95
55.795492,30,8226.273118,True,0.95
61.985944,29,8231.747387,True,0.95
56.315555,15,8234.611017,True,0.95
63.498775,36,8241.473659,True,0.95
58.890468,136,8267.739383,True,0.95
65.255335,106,8287.668232,True,0.95
53.495562,8,8289.217735,True,0.95
57.11094,15,8292.059525,True,0.95
58.994283,139,8318.136158,True,0.95
53.875341,181,8352.147277,True,0.95
61.904435,90,8369.097824,True,0.95
59.995526,22,8373.276229,True,0.95
61.040352,32,8379.344426,True,0.95
65.287853,216,8420.091908,True,0.95
48.846201,44,8428.445406,True,0.95
61.825085,140,8455.736402,True,0.95
52.123535,59,8466.922785,True,0.95
61.908541,156,8496.491628,True,0.95
54.835831,12,8498.843076,True,0.95
57.84418,105,8518.772511,True,0.95
66.478682,64,8530.991889,True,0.95
59.135434,73,8544.920522,True,0.95
55.760467,24,8549.539082,True,0.95
59.429001,80,8564.795826,True,0.95
58.783912,202,8618.090878,True,0.95
53.059126,8,8619.679632,True,0.95
65.148136,100,8638.693713,True,0.95
57.288275,74,8652.847518,True,0.95
61.431958,40,8660.541363,True,0.95
61.041288,26,8665.490922,True,0.95
65.756592,85,8682.295286,True,0.95
58.330015,80,8697.644431,True,0.95
62.664745,81,8713.141456,True,0.95
55.537791,12,8715.487333,True,0.95
60.471275,75,8729.846408,True,0.95
59.944873,64,8742.155343,True,0.95
68.19087,50,8751.693433,True,0.95
59.313748,28,8757.066925,True,0.95
58.546273,190,8793.391573,True,0.95
57.079158,15,8796.31864,True,0.95
57.953065,77,8811.12233,True,0.95
59.614243,24,8815.746193,True,0.95
62.393431,33,8822.126946,True,0.95
57.339635,28,8827.539602,True,0.95
59.496874,24,8832.204616,True,0.95
55.567102,86,8848.745459,True,0.95
60.835867,68,8861.90292,True,0.95
61.794527,34,8868.467601,True,0.95
64.76469,98,8887.344373,True,0.95
57.287141,17,8890.656576,True,0.95
59.197534,81,8906.278492,True,0.95
64.512965,68,8919.969788,True,0.95
52.879387,32,8926.29455,True,0.95
61.840249,26,8931.385711,True,0.95
58.11134,21,8935.525651,True,0.95
63.969248,110,8957.191092,True,0.95
60.7861,27,8962.694791,True,0.95
62.997204,43,8971.337519,True,0.95
63.165422,102,8991.467937,True,0.95
57.665948,24,9010.793773,True,0.95
58.046709,22,9015.258805,True,0.95
57.362895,72,9029.397912,True,0.95
63.196185,31,9035.684462,True,0.95
57.289865,20,9039.760991,True,0.95
64.777665,69,9053.767571,True,0.95
65.181487,42,9062.048383,True,0.95
62.0874,34,9068.690696,True,0.95
56.719481,15,9071.753778,True,0.95
53.764749,19,9075.707064,True,0.95
63.648398,111,9098.219407,True,0.95
61.798177,30,9104.156213,True,0.95
59.615342,25,9109.02633,True,0.95
66.582969,40,9117.046165,True,0.95
55.3259,16,9120.30629,True,0.95
59.340792,26,9125.61246,True,0.95
64.901794,34,9132.504529,True,0.95
56.038107,14,9135.38884,True,0.95
58.462477,20,9139.472203,True,0.95
61.394511,98,9158.7963,True,0.95
69.85837,57,9170.876174,True,0.95
62.687495,30,9177.024565,True,0.95
56.002931,18,9180.795514,True,0.95
61.441411,26,9186.131601,True,0.95
53.58768,79,9201.618775,True,0.95
56.820998,55,9212.356592,True,0.95
60.656209,27,9217.624878,True,0.95
58.836234,72,9231.823247,True,0.95
66.970363,47,9240.971376,True,0.95
62.198178,165,9272.297679,True,0.95
56.942415,71,9285.892332,True,0.95
60.93752,94,9303.781253,True,0.95
55.582735,75,9318.114238,True,0.95
57.888701,20,9321.980447,True,0.95
58.406602,82,9337.675077,True,0.95
59.533251,27,9342.87187,True,0.95
56.738158,72,9356.684222,True,0.95
60.719612,27,9361.89909,True,0.95
59.442033,26,9367.217849,True,0.95
58.016581,19,9371.152789,True,0.95
62.172411,35,9378.608237,True,0.95
56.439394,73,9394.149617,True,0.95
62.730033,42,9402.794148,True,0.95
60.361525,26,9408.131859,True,0.95
60.453808,25,9414.161274,True,0.95
61.346042,26,9431.04776,True,0.95
62.455928,89,9448.618125,True,0.95
62.780166,28,9454.1392,True,0.95
57.805684,78,9469.506239,True,0.95
62.611784,81,9485.563488,True,0.95
55.170631,13,9488.172632,True,0.95
63.801054,34,9494.870197,True,0.95
62.415908,30,9500.831833,True,0.95
55.86966,19,9504.62159,True,0.95
62.90975,35,9511.543795,True,0.95
65.741009,39,9519.309372,True,0.95
60.147235,24,9524.14238,True,0.95
64.24583,35,9531.069395,True,0.95
63.442653,30,9537.004938,True,0.95
61.484745,30,9543.009181,True,0.95
57.389567,17,9546.405543,True,0.95
58.788404,73,9561.009651,True,0.95
61.340774,29,9566.76924,True,0.95
61.192663,30,9572.72599,True,0.95
59.441899,21,9576.903666,True,0.95
56.614976,14,9579.744941,True,0.95
61.321064,23,9584.319901,True,0.95
59.954051,22,9588.709256,True,0.95
63.003294,28,9594.301842,True,0.95
57.076565,21,9598.513063,True,0.95
54.539436,11,9600.74482,True,0.95
56.32255,77,9616.036755,True,0.95
62.156683,27,9621.413855,True,0.95
59.631432,79,9637.115486,True,0.95
56.084692,13,9639.745978,True,0.95
60.776391,22,9644.12673,True,0.95
63.239283,35,9651.057733,True,0.95
59.906662,59,9663.289651,True,0.95
64.356241,36,9670.485345,True,0.95
60.271077,25,9675.470287,True,0.95
64.236796,82,9691.802589,True,0.95
58.322161,29,9697.599181,True,0.95
57.342627,17,9701.028718,True,0.95
59.865508,21,9705.238839,True,0.95
57.272035,58,9716.886294,True,0.95
58.760878,53,9727.51794,True,0.95
62.844741,29,9733.330016,True,0.95
58.893768,64,9746.270516,True,0.95
59.931432,21,9750.513292,True,0.95
64.288616,31,9756.782369,True,0.95
60.056387,25,9761.792307,True,0.95
60.383477,25,9766.827111,True,0.95
52.712552,6,9768.09652,True,0.95
60.935915,32,9774.490914,True,0.95
63.365379,30,9780.520092,True,0.95
55.226061,11,9782.769657,True,0.95
63.782439,32,9789.223398,True,0.95
58.225304,46,9798.448278,True,0.95
54.865315,13,9801.123361,True,0.95
56.545263,21,9805.365794,True,0.95
55.270733,12,9807.785303,True,0.95
55.939989,20,9811.838022,True,0.95
64.33989,38,9819.451135,True,0.95
62.633177,43,9828.099384,True,0.95
59.008864,20,9832.145263,True,0.95
56.931674,79,9857.329452,True,0.95
60.449229,22,9861.861836,True,0.95
59.995013,23,9866.519857,True,0.95
55.406075,16,9869.73629,True,0.95
54.431245,15,9872.772362,True,0.95
58.049224,85,9889.859482,True,0.95
60.650538,21,9894.085247,True,0.95
61.508663,25,9899.127617,True,0.95
57.067608,18,9902.829468,True,0.95
61.735505,23,9907.480626,True,0.95
55.653485,73,9922.603488,True,0.95
61.574696,105,9943.739211,True,0.95
60.318951,21,9948.008292,True,0.95
61.388242,63,9960.718395,True,0.95
58.770341,20,9964.777145,True,0.95
59.800193,21,9969.025798,True,0.95
55.934755,30,9975.086385,True,0.95
58.170285,21,9979.33787,True,0.95
54.590876,12,9981.792743,True,0.95
57.873007,18,9985.465171,True,0.95
60.465694,23,9990.108819,True,0.95
58.395827,94,10009.128234,True,0.95
64.621452,37,10016.608633,True,0.95
54.997123,26,10021.91286,True,0.95
60.270692,21,10026.182266,True,0.95
62.44924,26,10031.423806,True,0.95
58.218684,20,10035.49156,True,0.95
57.282694,17,10038.977968,True,0.95
54.354709,64,10051.898602,True,0.95
52.044074,36,10059.301818,True,0.95
55.646477,28,10064.996399,True,0.95
57.109165,20,10069.099432,True,0.95
60.631536,43,10077.873976,True,0.95
60.566309,78,10093.681963,True,0.95
55.57461,50,10103.825558,True,0.95
62.348958,54,10114.799455,True,0.95
55.01288,11,10117.071007,True,0.95
62.700324,33,10123.751668,True,0.95
57.931627,21,10128.062677,True,0.95
58.072519,22,10132.542215,True,0.95
57.329508,18,10136.255407,True,0.95
66.227913,84,10153.310155,True,0.95
54.200199,12,10155.809669,True,0.95
63.596672,34,10162.855531,True,0.95
62.879089,29,10169.270222,True,0.95
55.002992,11,10171.559048,True,0.95
63.107797,29,10177.459899,True,0.95
58.106632,90,10195.783468,True,0.95
55.911283,22,10200.272254,True,0.95
54.91302,120,10224.694331,True,0.95
52.528105,37,10232.301387,True,0.95
63.239444,34,10239.322715,True,0.95
59.472898,22,10243.85445,True,0.95
57.366466,21,10248.170257,True,0.95
54.887083,17,10251.692281,True,0.95
62.668935,28,10257.421443,True,0.95
63.661501,55,10279.668561,True,0.95
64.59406,77,10295.385622,True,0.95
62.52149,102,10316.229183,True,0.95
59.662894,23,10320.958786,True,0.95
57.704972,42,10329.562334,True,0.95
56.830279,46,10339.00154,True,0.95
63.204428,28,10344.731783,True,0.95
60.1374,50,10355.020683,True,0.95
62.09827,26,10360.398032,True,0.95
54.160216,12,10362.884283,True,0.95
58.161603,22,10367.448005,True,0.95
61.908945,34,10374.434404,True,0.95
49.620645,1,10374.695405,True,0.95
59.219328,75,10390.117824,True,0.95
60.686632,24,10395.070216,True,0.95
56.163768,14,10397.995445,True,0.95
61.575271,123,10423.686294,True,0.95
63.091953,31,10430.070873,True,0.95
65.967385,164,10464.084975,True,0.95
60.492673,28,10469.859637,True,0.95
61.204476,69,10484.150966,True,0.95
57.118402,15,10487.337346,True,0.95
60.133369,20,10491.469752,True,0.95
56.798249,16,10494.81577,True,0.95
59.509996,86,10512.441697,True,0.95
55.124085,10,10514.52685,True,0.95
62.364183,72,10529.43613,True,0.95
56.311117,15,10532.564727,True,0.95
58.71612,18,10536.304752,True,0.95
60.205253,35,10543.561211,True,0.95
56.917719,14,10546.454523,True,0.95
64.149838,31,10552.841294,True,0.95
62.425038,103,10573.955474,True,0.95
60.112492,71,10588.67868,True,0.95
54.363748,55,10600.138426,True,0.95
62.657408,86,10617.828282,True,0.95
55.125172,12,10620.364359,True,0.95
60.999632,52,10631.072006,True,0.95
58.48825,19,10634.995931,True,0.95
57.154757,45,10644.463651,True,0.95
63.873237,38,10652.275754,True,0.95
64.019999,31,10658.708807,True,0.95
56.951153,14,10661.63645,True,0.95
58.464067,20,10665.799044,True,0.95
55.254849,10,10667.926906,True,0.95
58.46166,74,10683.825932,True,0.95
65.889604,85,10715.857998,True,0.95
-25.431675,92,10734.780418,False,0.95
63.585619,29,10740.902426,True,0.95
-7.681379,43,10749.780429,False,0.95
-22.163821,78,10766.14318,False,0.95
61.348947,23,10770.928643,True,0.95
-24.079921,66,10784.601233,False,0.95
59.100478,18,10788.372128,True,0.95
61.422698,24,10793.386942,True,0.95
54.584752,13,10796.172328,True,0.95
59.99215,23,10801.011957,True,0.95
-2.755138,42,10809.759024,False,0.95
57.657989,15,10812.951094,True,0.95
58.614837,23,10817.78847,True,0.95
59.828904,25,10822.943059,True,0.95
62.650592,25,10828.16844,True,0.95
60.45229,27,10833.805866,True,0.95
55.971435,15,10836.970366,True,0.95
-13.284014,78,10853.207953,False,0.95
55.16603,13,10855.97002,True,0.95
54.31769,12,10858.510518,True,0.95
63.023219,29,10864.587213,True,0.95
62.372379,30,10870.842095,True,0.95
-19.953539,41,10879.417771,False,0.95
65.297559,36,10886.878011,True,0.95
59.126237,22,10891.501947,True,0.95
60.948481,21,10895.942802,True,0.95
61.571803,184,10934.273017,True,0.95
-17.733114,47,10944.670434,False,0.95
56.62666,14,10947.709322,True,0.95
53.034496,6,10949.052035,True,0.95
-30.762414,55,10960.544573,False,0.95
59.087605,19,10964.545818,True,0.95
59.896036,25,10969.800057,True,0.95
59.980291,22,10974.431881,True,0.95
62.231148,30,10980.695772,True,0.95
54.761638,88,10999.125245,True,0.95
60.759068,22,11003.765847,True,0.95
-13.886144,93,11023.261933,False,0.95
61.536972,32,11030.01434,True,0.95
63.301369,29,11036.168122,True,0.95
64.617269,31,11042.682174,True,0.95
53.083014,6,11043.986787,True,0.95
-27.29004,76,11059.870968,False,0.95
57.93718,19,11063.900644,True,0.95
67.438567,55,11075.498058,True,0.95
61.095828,26,11081.05588,True,0.95
59.816686,22,11085.71574,True,0.95
66.461562,80,11102.525039,True,0.95
58.658625,137,11131.347981,True,0.95
61.828021,25,11136.646306,True,0.95
64.248526,52,11162.908336,True,0.95
58.823111,29,11169.050292,True,0.95
57.465544,18,11172.861597,True,0.95
61.719097,35,11180.209761,True,0.95
61.912141,24,11185.302542,True,0.95
-26.239774,110,11208.958201,False,0.95
63.352049,34,11216.136647,True,0.95
59.014339,23,11220.9734,True,0.95
57.464819,90,11239.93284,True,0.95
54.575564,9,11241.884412,True,0.95
58.882997,21,11246.370194,True,0.95
-24.401373,102,11267.95853,False,0.95
58.415978,31,11274.482561,True,0.95
58.935178,111,11298.00638,True,0.95
60.349264,62,11311.133322,True,0.95
62.390344,28,11317.068346,True,0.95
57.801689,18,11320.975729,True,0.95
56.200166,19,11325.105588,True,0.95
57.836085,22,11329.787865,True,0.95
56.886489,16,11333.208385,True,0.95
57.128461,20,11337.42603,True,0.95
49.697038,1,11337.698658,True,0.95
58.844744,28,11343.722822,True,0.95
58.827084,29,11349.885948,True,0.95
59.444203,24,11355.040453,True,0.95
56.178342,188,11395.153435,True,0.95
60.557132,25,11400.493544,True,0.95
58.007193,27,11406.298904,True,0.95
61.461583,46,11416.057256,True,0.95
58.448125,17,11419.724843,True,0.95
62.077504,27,11425.460678,True,0.95
61.13551,25,11430.795251,True,0.95
62.979945,27,11436.594173,True,0.95
61.392011,31,11443.26651,True,0.95
62.303596,27,11449.029681,True,0.95
61.918435,25,11454.329471,True,0.95
62.329113,90,11473.998,True,0.95
54.375262,12,11476.608503,True,0.95
61.468733,30,11482.970529,True,0.95
-5.402809,60,11495.750436,False,0.95
53.161341,7,11497.306048,True,0.95
60.356402,27,11503.113189,True,0.95
53.11741,6,11504.438494,True,0.95
60.981856,115,11528.878108,True,0.95
61.344976,23,11533.835156,True,0.95
-1.483946,58,11546.240925,False,0.95
62.274935,77,11562.790314,True,0.95
62.59595,27,11568.593336,True,0.95
60.126911,33,11575.70603,True,0.95
62.038894,30,11582.156272,True,0.95
56.349056,14,11585.182629,True,0.95
52.372513,126,11628.090015,True,0.95
53.235745,7,11629.623565,True,0.95
59.516338,23,11634.599231,True,0.95
55.71337,14,11637.652513,True,0.95
62.417414,30,11644.053865,True,0.95
61.315999,27,11649.77477,True,0.95
58.62927,27,11655.67036,True,0.95
56.801027,16,11659.157575,True,0.95
55.320008,17,11662.82638,True,0.95
63.479155,95,11683.882853,True,0.95
60.681564,21,11688.311001,True,0.95
53.999834,11,11690.703626,True,0.95
63.783609,133,11720.200107,True,0.95
55.099209,13,11723.3444,True,0.95
51.145714,140,11759.030677,True,0.95
59.406178,24,11765.317879,True,0.95
62.72156,58,11779.756157,True,0.95
55.188316,11,11782.463387,True,0.95
56.86037,15,11786.111922,True,0.95
63.291074,55,11799.505829,True,0.95
59.699516,22,11804.898125,True,0.95
63.587702,32,11813.250131,True,0.95
57.019159,19,11817.801762,True,0.95
61.528495,29,11824.643185,True,0.95
61.761975,24,11830.33129,True,0.95
64.160209,31,11837.592976,True,0.95
61.322446,38,11847.02387,True,0.95
58.181163,17,11851.231378,True,0.95
58.56108,17,11855.180356,True,0.95
67.445864,41,11864.562259,True,0.95
59.507394,24,11870.266554,True,0.95
57.751039,17,11874.41805,True,0.95
61.709556,26,11880.415966,True,0.95
61.063326,21,11885.283764,True,0.95
55.281561,96,11906.432005,True,0.95
62.971773,37,11914.753366,True,0.95
62.201544,24,11920.180927,True,0.95
61.356117,26,11926.116389,True,0.95
63.696331,29,11932.765185,True,0.95
64.981578,92,11954.420451,True,0.95
56.020001,19,11959.049374,True,0.95
62.563797,26,11964.9751,True,0.95
61.094699,24,11970.471302,True,0.95
61.900769,79,11988.197533,True,0.95
62.024579,26,11994.053757,True,0.95
65.206341,35,12001.965204,True,0.95
61.353273,23,12007.383629,True,0.95
66.234426,71,12023.48957,True,0.95
61.045019,29,12030.058081,True,0.95
55.108023,16,12034.265953,True,0.95
63.227375,61,12048.338729,True,0.95
64.42331,122,12075.939934,True,0.95
61.570203,27,12082.079289,True,0.95
55.288139,14,12101.401739,True,0.95
58.396076,20,12105.890171,True,0.95
58.646068,18,12109.901859,True,0.95
-6.609806,164,12146.374431,False,0.95
61.79848,26,12151.943019,True,0.95
58.25696,19,12155.937951,True,0.95
58.224893,25,12161.174696,True,0.95
61.037101,24,12166.39891,True,0.95
60.37155,30,12172.8635,True,0.95
61.425794,24,12178.01282,True,0.95
57.435117,17,12181.74021,True,0.95
64.895298,97,12202.496437,True,0.95
60.810508,22,12207.274372,True,0.95
61.901709,26,12212.832562,True,0.95
50.301102,1,12213.107712,True,0.95
59.761708,21,12217.625833,True,0.95
61.703701,100,12239.136013,True,0.95
58.807823,27,12245.001086,True,0.95
68.571631,84,12263.357644,True,0.95
53.22459,108,12286.934677,True,0.95
59.07378,18,12291.072415,True,0.95
60.661399,25,12296.724689,True,0.95
68.594875,142,12328.987753,True,0.95
63.448546,67,12343.449753,True,0.95
56.73616,13,12346.30877,True,0.95
53.797431,15,12349.603448,True,0.95
60.270494,28,12355.68641,True,0.95
63.194601,29,12362.014443,True,0.95
59.07683,19,12366.16853,True,0.95
60.882446,26,12371.744528,True,0.95
60.583922,25,12377.220672,True,0.95
56.841417,19,12381.368182,True,0.95
60.927168,30,12387.856414,True,0.95
64.281752,33,12395.02532,True,0.95
57.913244,56,12407.201593,True,0.95
60.900232,24,12412.364857,True,0.95
55.829402,85,12430.750111,True,0.95
50.212965,1,12431.030293,True,0.95
61.312281,26,12436.744907,True,0.95
56.228027,15,12440.060951,True,0.95
54.715139,86,12458.709633,True,0.95
61.198497,26,12464.31469,True,0.95
56.969751,19,12468.432254,True,0.95
60.310559,27,12474.359142,True,0.95
63.37478,59,12487.14191,True,0.95
55.473077,13,12489.986835,True,0.95
61.136595,60,12502.992823,True,0.95
55.952474,29,12509.240209,True,0.95
49.627873,1,12509.510644,True,0.95
59.86047,28,12515.660032,True,0.95
62.886615,100,12537.358277,True,0.95
54.371743,10,12539.562226,True,0.95
61.725491,37,12563.997573,True,0.95
57.423185,24,12569.188681,True,0.95
57.585925,83,12587.651163,True,0.95
62.870962,109,12611.315864,True,0.95
59.475816,22,12616.152969,True,0.95
59.72924,21,12620.735771,True,0.95
59.792868,57,12633.17246,True,0.95
58.768925,43,12642.537101,True,0.95
61.810449,27,12648.400034,True,0.95
63.706348,29,12654.745622,True,0.95
64.090041,32,12661.702699,True,0.95
57.581824,108,12685.118016,True,0.95
60.942499,23,12690.181309,True,0.95
54.817151,74,12706.335669,True,0.95
61.723294,27,12712.331468,True,0.95
62.481308,35,12719.965769,True,0.95
57.498631,20,12724.304595,True,0.95
54.373702,10,12726.535425,True,0.95
59.337602,22,12731.371386,True,0.95
53.994169,10,12733.607489,True,0.95
54.860449,41,12742.518922,True,0.95
66.825188,66,12756.948256,True,0.95
62.606665,28,12762.988136,True,0.95
61.243786,24,12768.320263,True,0.95
60.231417,21,12772.908802,True,0.95
59.324415,20,12777.302541,True,0.95
59.230305,22,12782.105607,True,0.95
61.899527,25,12787.67331,True,0.95
58.115439,53,12799.251797,True,0.95
54.766668,105,12822.188855,True,0.95
59.489289,21,12826.895876,True,0.95
58.600316,20,12831.433666,True,0.95
56.368675,98,12852.868175,True,0.95
61.983685,25,12858.838762,True,0.95
61.864861,24,12864.153494,True,0.95
57.031945,20,12868.602074,True,0.95
60.616336,23,12873.678969,True,0.95
52.899209,6,12875.047923,True,0.95
53.781539,19,12879.237849,True,0.95
60.209938,21,12883.906003,True,0.95
62.678847,28,12890.08887,True,0.95
58.959645,87,12909.216367,True,0.95
56.322958,16,12912.766757,True,0.95
59.981762,26,12918.454844,True,0.95
59.65035,97,12939.746913,True,0.95
63.183549,31,12946.64813,True,0.95
50.403897,1,12946.932008,True,0.95
63.175972,31,12953.732208,True,0.95
59.131307,70,12969.223726,True,0.95
53.130005,6,12970.617461,True,0.95
58.444553,20,12975.030943,True,0.95
55.312628,88,12994.356282,True,0.95
58.083227,21,12999.049285,True,0.95
59.181287,26,13004.840543,True,0.95
53.277294,7,13006.429635,True,0.95
53.631179,11,13008.879503,True,0.95
55.876687,12,13011.551652,True,0.95
52.629348,5,13012.688236,True,0.95
61.749253,27,13033.324328,True,0.95
60.812684,26,13039.031574,True,0.95
58.388196,21,13043.737398,True,0.95
63.1292,27,13049.695053,True,0.95
64.476879,38,13058.001057,True,0.95
65.113426,36,13066.037139,True,0.95
61.815851,28,13072.183825,True,0.95
62.869826,33,13079.41785,True,0.95
59.044807,40,13088.258301,True,0.95
63.969224,85,13106.935202,True,0.95
62.442709,26,13112.646034,True,0.95
67.338452,93,13133.20873,True,0.95
61.507548,25,13139.284561,True,0.95
60.372835,27,13145.288236,True,0.95
56.507254,18,13149.285006,True,0.95
59.469772,21,13153.975097,True,0.95
61.483004,29,13160.507585,True,0.95
62.582531,27,13166.553403,True,0.95
63.347046,29,13172.942332,True,0.95
53.937428,82,13191.118564,True,0.95
61.359342,59,13204.213276,True,0.95
63.623968,31,13211.035078,True,0.95
65.854986,59,13224.170657,True,0.95
57.668399,40,13233.041008,True,0.95
57.469019,85,13251.870127,True,0.95
58.28949,72,13267.816215,True,0.95
55.927845,12,13270.489862,True,0.95
62.085004,27,13276.594813,True,0.95
56.966919,15,13279.962271,True,0.95
62.001325,25,13285.487277,True,0.95
58.474922,21,13290.107245,True,0.95
52.705292,57,13302.882815,True,0.95
62.389601,25,13308.394126,True,0.95
60.487255,75,13325.10249,True,0.95
65.674892,36,13333.166567,True,0.95
58.508594,21,13337.897866,True,0.95
61.042111,30,13344.580001,True,0.95
61.918409,27,13350.568367,True,0.95
57.991667,29,13357.096694,True,0.95
61.492363,24,13362.441249,True,0.95
63.889923,34,13369.989522,True,0.95
64.24279,126,13397.985553,True,0.95
61.208471,89,13418.333217,True,0.95
54.405023,67,13433.332746,True,0.95
58.224143,80,13451.191812,True,0.95
51.826943,5,13452.346427,True,0.95
53.30467,8,13454.190826,True,0.95
65.962775,39,13462.813041,True,0.95
66.321508,91,13483.174535,True,0.95
56.472933,95,13518.55815,True,0.95
63.676192,33,13525.942585,True,0.95
60.710946,58,13539.035382,True,0.95
59.213016,19,13543.295359,True,0.95
61.592581,60,13556.859622,True,0.95
62.646772,27,13562.875018,True,0.95
60.970717,28,13569.237785,True,0.95
60.654638,25,13574.864553,True,0.95
63.282524,31,13581.795794,True,0.95
58.486307,72,13598.131293,True,0.95
59.407355,23,13603.298685,True,0.95
58.399742,21,13608.132916,True,0.95
49.935753,87,13627.790202,True,0.95
64.223088,31,13634.779145,True,0.95
70.146753,52,13646.5219,True,0.95
65.535812,58,13659.511591,True,0.95
61.893008,24,13665.027758,True,0.95
62.297899,31,13671.972513,True,0.95
63.988866,32,13679.156899,True,0.95
62.230655,27,13685.339533,True,0.95
61.61657,29,13691.838828,True,0.95
59.896958,22,13696.811736,True,0.95
62.948765,30,13704.031172,True,0.95
57.839206,20,13708.585249,True,0.95
55.187716,17,13712.46711,True,0.95
61.008601,100,13734.92178,True,0.95
60.157431,27,13741.037132,True,0.95
61.881755,28,13747.459264,True,0.95
56.558609,42,13757.029914,True,0.95
61.0997,22,13762.099686,True,0.95
62.686552,95,13783.590397,True,0.95
64.231753,34,13791.237429,True,0.95
60.788008,26,13797.10634,True,0.95
53.968946,59,13810.463071,True,0.95
59.764248,20,13814.982284,True,0.95
59.988765,23,13820.258535,True,0.95
56.653017,23,13825.500713,True,0.95
57.171956,17,13829.360668,True,0.95
63.57867,35,13837.261294,True,0.95
53.511173,9,13839.38414,True,0.95
55.777407,14,13842.639981,True,0.95
61.331061,27,13848.744004,True,0.95
60.960292,23,13853.909287,True,0.95
58.43494,16,13857.566864,True,0.95
57.789437,20,13862.148045,True,0.95
63.117543,30,13868.923507,True,0.95
56.281944,20,13873.438916,True,0.95
59.612965,19,13877.846205,True,0.95
55.31549,15,13881.256297,True,0.95
59.744777,20,13885.786632,True,0.95
62.303519,31,13892.754945,True,0.95
60.80189,25,13898.476971,True,0.95
58.294405,25,13904.161514,True,0.95
49.521045,1,13904.450767,True,0.95
52.278161,57,13917.342518,True,0.95
60.56636,23,13922.572031,True,0.95
53.761745,8,13924.417756,True,0.95
60.689213,21,13929.164986,True,0.95
66.338718,40,13938.267565,True,0.95
59.787227,34,13945.929308,True,0.95
62.674861,31,13952.949888,True,0.95
53.809406,8,13954.836715,True,0.95
50.507758,1,13955.12825,True,0.95
55.670879,17,13959.096534,True,0.95
55.542196,61,13985.190721,True,0.95
63.413421,38,13994.29347,True,0.95
59.011907,20,13998.941534,True,0.95
57.162495,28,14005.288557,True,0.95
59.532228,33,14012.779273,True,0.95
63.863412,35,14020.797643,True,0.95
54.822769,15,14024.215563,True,0.95
58.028141,16,14027.86709,True,0.95
58.019639,19,14032.198628,True,0.95
59.238355,28,14038.648021,True,0.95
63.295907,30,14045.469039,True,0.95
68.072769,66,14060.52912,True,0.95
57.171416,18,14064.619241,True,0.95
55.273692,16,14068.272111,True,0.95
57.0803,16,14071.970169,True,0.95
56.275115,57,14084.973723,True,0.95
56.415038,20,14089.549032,True,0.95
66.743507,52,14101.472396,True,0.95
63.22916,35,14109.392323,True,0.95
60.964052,24,14114.949099,True,0.95
62.977789,30,14121.788217,True,0.95
62.752983,50,14133.23094,True,0.95
55.769671,57,14146.232214,True,0.95
59.52535,23,14151.6448,True,0.95
61.677249,26,14157.634251,True,0.95
60.208787,21,14162.441506,True,0.95
58.82157,19,14166.824701,True,0.95
52.438502,25,14172.637156,True,0.95
55.935726,49,14183.855149,True,0.95
58.549329,22,14188.917597,True,0.95
55.134558,16,14192.648642,True,0.95
61.525963,25,14198.365592,True,0.95
65.041455,95,14220.018663,True,0.95
55.979748,20,14224.581081,True,0.95
61.054737,31,14231.765064,True,0.95
61.617273,26,14237.707755,True,0.95
56.182744,23,14242.971514,True,0.95
60.64484,24,14248.583881,True,0.95
55.593121,73,14265.285061,True,0.95
61.547719,63,14280.220087,True,0.95
54.17911,11,14282.768918,True,0.95
60.818045,26,14288.82032,True,0.95
57.224311,16,14292.54081,True,0.95
55.463727,12,14295.3211,True,0.95
56.542319,14,14298.566057,True,0.95
60.351262,82,14317.325533,True,0.95
61.76623,30,14324.227979,True,0.95
65.508386,74,14341.293252,True,0.95
65.858233,98,14363.924025,True,0.95
60.296268,21,14368.802022,True,0.95
57.587854,20,14373.430395,True,0.95
61.883324,31,14380.51859,True,0.95
62.266575,24,14386.090899,True,0.95
62.444432,59,14399.631015,True,0.95
60.501441,78,14417.582271,True,0.95
59.068813,21,14422.501658,True,0.95
61.88265,24,14428.087699,True,0.95
56.882616,16,14431.78653,True,0.95
57.319178,17,14435.726285,True,0.95
53.937409,9,14437.830496,True,0.95
62.280537,27,14444.158631,True,0.95
67.663772,101,14479.684114,True,0.95
60.195784,25,14485.550356,True,0.95
63.825919,31,14492.686303,True,0.95
57.449074,19,14497.081681,True,0.95
56.491458,87,14517.133934,True,0.95
57.427653,27,14523.474326,True,0.95
56.241481,17,14527.430165,True,0.95
59.729291,23,14532.740173,True,0.95
65.738813,71,14549.146457,True,0.95
52.759204,6,14550.59448,True,0.95
57.183233,25,14556.367863,True,0.95
59.285177,119,14584.403811,True,0.95
56.942342,63,14598.932779,True,0.95
57.769242,17,14602.959929,True,0.95
59.420721,139,14635.270296,True,0.95
59.769945,20,14640.005375,True,0.95
60.572683,79,14658.361205,True,0.95
59.361455,20,14663.078234,True,0.95
61.305611,27,14669.318776,True,0.95
61.483027,27,14675.650465,True,0.95
61.38137,25,14681.520582,True,0.95
61.160831,25,14687.349281,True,0.95
49.571081,1,14687.64094,True,0.95
53.908365,9,14689.78561,True,0.95
54.892316,13,14692.832785,True,0.95
53.98753,76,14710.45569,True,0.95
58.392771,19,14714.944873,True,0.95
55.75982,11,14717.591973,True,0.95
63.809131,36,14725.928808,True,0.95
62.000135,25,14731.737171,True,0.95
56.805642,85,14751.54117,True,0.95
60.027903,164,14789.754564,True,0.95
61.171113,32,14797.262413,True,0.95
58.045564,19,14801.733906,True,0.95
63.749363,32,14809.130631,True,0.95
60.015184,23,14814.609571,True,0.95
54.858691,11,14817.217865,True,0.95
59.512332,26,14823.283185,True,0.95
60.490782,23,14828.63935,True,0.95
55.393266,11,14831.270704,True,0.95
60.664316,25,14837.16431,True,0.95
49.734989,124,14866.446961,True,0.95
54.280729,10,14868.850623,True,0.95
51.981951,61,14883.095944,True,0.95
57.657171,18,14887.329117,True,0.95
63.171482,97,14909.927145,True,0.95
56.871641,14,14913.233927,True,0.95
61.529408,31,14920.507788,True,0.95
61.849624,27,14926.82061,True,0.95
59.372698,22,14932.00036,True,0.95
60.829137,77,14968.029193,True,0.95
61.712973,62,14982.562672,True,0.95
57.34037,71,14999.078244,True,0.95
57.452638,30,15006.072798,True,0.95
57.035513,15,15009.669101,True,0.95
53.135117,6,15011.130684,True,0.95
59.002891,21,15016.048754,True,0.95
53.824218,8,15017.96937,True,0.95
60.663915,28,15024.426757,True,0.95
57.045299,18,15028.796927,True,0.95
59.927669,27,15035.206741,True,0.95
63.275267,109,15060.515581,True,0.95
52.553316,51,15072.506115,True,0.95
57.387152,34,15080.422893,True,0.95
58.752551,31,15087.716654,True,0.95
61.128521,43,15097.738457,True,0.95
53.403159,8,15099.648638,True,0.95
61.945417,26,15105.773257,True,0.95
53.603072,7,15107.478242,True,0.95
61.522412,24,15113.103882,True,0.95
55.450828,93,15134.868767,True,0.95
55.143938,11,15137.477684,True,0.95
65.687142,52,15150.188295,True,0.95
54.963189,11,15152.794602,True,0.95
69.579644,70,15169.205532,True,0.95
62.15221,26,15175.288948,True,0.95
60.171469,20,15180.010202,True,0.95
56.333897,21,15185.000248,True,0.95
55.680745,88,15205.645515,True,0.95
60.831728,82,15224.910013,True,0.95
55.570183,19,15229.413164,True,0.95
58.344242,81,15248.499692,True,0.95
62.901753,26,15254.577966,True,0.95
62.884365,31,15261.916959,True,0.95
60.610832,86,15282.339976,True,0.95
63.946306,57,15296.286951,True,0.95
56.373689,13,15299.441936,True,0.95
60.512803,23,15304.932674,True,0.95
51.115775,54,15317.768309,True,0.95
57.352443,17,15321.883369,True,0.95
60.992691,26,15328.072497,True,0.95
60.796858,51,15340.183444,True,0.95
60.11261,24,15345.886021,True,0.95
58.196626,17,15349.957148,True,0.95
58.938844,115,15377.534011,True,0.95
61.878253,27,15383.933414,True,0.95
64.752526,85,15404.05715,True,0.95
55.724782,101,15428.030149,True,0.95
59.253331,19,15432.568285,True,0.95
53.795898,65,15464.741721,True,0.95
65.659297,118,15492.895061,True,0.95
56.738064,19,15497.529325,True,0.95
61.961352,81,15516.771299,True,0.95
59.581311,21,15521.826197,True,0.95
60.409175,22,15527.120057,True,0.95
58.406814,129,15558.124557,True,0.95
62.653402,188,15603.169729,True,0.95
58.620816,20,15607.961134,True,0.95
59.651096,81,15627.432377,True,0.95
64.640205,142,15661.360032,True,0.95
53.671152,10,15663.785032,True,0.95
62.379531,80,15682.985533,True,0.95
66.281696,231,15738.675087,True,0.95
58.982485,21,15743.70947,True,0.95
61.041,75,15761.767049,True,0.95
57.666113,71,15778.822314,True,0.95
60.354027,22,15784.132773,True,0.95
58.780012,75,15802.19349,True,0.95
57.649016,28,15809.076712,True,0.95
56.254415,19,15813.718662,True,0.95
60.615572,25,15819.702001,True,0.95
62.875678,36,15828.430745,True,0.95
61.13202,305,15902.041446,True,0.95
62.417443,28,15908.842338,True,0.95
60.838316,197,15980.379729,True,0.95
59.82522,21,15985.553191,True,0.95
63.955319,170,16027.020462,True,0.95
61.149167,27,16033.629387,True,0.95
57.088957,143,16068.28784,True,0.95
72.047777,119,16096.966002,True,0.95
59.941434,28,16103.842939,True,0.95
61.655388,30,16111.085113,True,0.95
60.686711,21,16116.178176,True,0.95
55.996176,26,16122.599373,True,0.95
59.640178,25,16128.716945,True,0.95
64.540213,87,16149.814494,True,0.95
50.095344,1,16150.136806,True,0.95
61.052261,78,16169.105353,True,0.95
65.628653,80,16188.478741,True,0.95
52.869584,60,16203.051001,True,0.95
56.030385,17,16207.220657,True,0.95
58.977836,20,16212.068951,True,0.95
56.370912,15,16215.767733,True,0.95
56.920108,64,16231.292236,True,0.95
57.951735,78,16250.27596,True,0.95
59.095933,135,16283.113572,True,0.95
56.433444,23,16288.720966,True,0.95
58.062048,19,16293.394754,True,0.95
62.641214,86,16314.297522,True,0.95
58.096968,22,16319.697371,True,0.95
61.072843,27,16326.703638,True,0.95
62.27295,27,16333.313247,True,0.95
65.746113,83,16353.606265,True,0.95
58.132343,23,16359.362089,True,0.95
60.940185,23,16364.959584,True,0.95
62.420592,92,16387.391059,True,0.95
63.624123,29,16394.487888,True,0.95
57.748726,17,16398.68328,True,0.95
61.950727,213,16450.91379,True,0.95
58.068382,71,16468.405302,True,0.95
58.650901,25,16495.558588,True,0.95
58.052106,16,16499.518689,True,0.95
55.3979,113,16527.24544,True,0.95
59.025064,21,16532.498666,True,0.95
61.521353,78,16551.720985,True,0.95
62.975225,30,16559.110435,True,0.95
60.687134,24,16564.994843,True,0.95
58.358033,21,16570.227727,True,0.95
57.977751,24,16576.168604,True,0.95
57.931078,23,16581.880157,True,0.95
55.433299,16,16585.822049,True,0.95
62.897805,81,16605.817881,True,0.95
59.946548,74,16624.049827,True,0.95
58.139662,29,16631.776152,True,0.95
60.505411,27,16638.45215,True,0.95
64.708635,100,16663.178556,True,0.95
58.612752,63,16678.849632,True,0.95
61.256426,88,16700.540924,True,0.95
58.457841,23,16706.337059,True,0.95
59.054484,26,16712.808289,True,0.95
63.762859,73,16730.948945,True,0.95
61.064335,24,16736.892422,True,0.95
62.684591,31,16744.556063,True,0.95
54.197671,11,16747.375558,True,0.95
59.001475,21,16752.607875,True,0.95
62.550677,29,16759.89486,True,0.95
65.826098,113,16787.975609,True,0.95
55.630288,16,16791.956089,True,0.95
61.062437,27,16798.616257,True,0.95
61.746557,28,16805.574282,True,0.95
68.228172,62,16820.93087,True,0.95
62.991025,29,16828.194781,True,0.95
59.604804,23,16833.921666,True,0.95
62.939746,32,16841.875831,True,0.95
63.321193,37,16851.057173,True,0.95
53.757965,8,16853.109285,True,0.95
56.241407,19,16857.809216,True,0.95
66.440147,66,16874.215369,True,0.95
66.222101,98,16898.459885,True,0.95
63.100149,37,16907.684847,True,0.95
62.854438,113,16936.100306,True,0.95
60.81172,22,16941.65318,True,0.95
56.774865,13,16944.908644,True,0.95
53.566471,68,16961.74414,True,0.95
55.977848,15,16965.508704,True,0.95
57.447574,22,16970.971467,True,0.95
49.911383,1,16971.283077,True,0.95
58.253481,129,17020.82849,True,0.95
57.262241,16,17024.824131,True,0.95
54.027731,13,17028.085496,True,0.95
52.819823,6,17029.638767,True,0.95
59.14083,24,17035.627621,True,0.95
60.189719,29,17042.927885,True,0.95
64.084028,33,17051.084078,True,0.95
57.128051,21,17056.317821,True,0.95
58.475485,60,17072.04011,True,0.95
56.259233,15,17075.953796,True,0.95
57.793675,28,17083.003674,True,0.95
63.254748,32,17090.953202,True,0.95
60.129006,23,17096.715525,True,0.95
59.719519,49,17108.97283,True,0.95
58.24833,22,17114.462084,True,0.95
61.718954,26,17121.070067,True,0.95
58.173077,76,17140.097602,True,0.95
62.482535,31,17147.824856,True,0.95
62.079581,29,17155.106343,True,0.95
57.648048,22,17160.657409,True,0.95
57.117487,18,17165.171574,True,0.95
57.234911,22,17170.689214,True,0.95
59.442216,58,17185.233167,True,0.95
72.489623,117,17214.394598,True,0.95
61.713672,29,17221.653081,True,0.95
63.755173,33,17229.921916,True,0.95
62.498183,33,17238.206008,True,0.95
55.226082,13,17241.52211,True,0.95
53.768533,10,17244.497992,True,0.95
64.164582,36,17253.459247,True,0.95
61.026974,25,17259.777119,True,0.95
54.873149,13,17263.07826,True,0.95
58.267887,23,17268.813878,True,0.95
63.327178,37,17278.108329,True,0.95
55.684258,15,17281.902488,True,0.95
63.819604,32,17289.917283,True,0.95
53.931401,60,17304.949149,True,0.95
60.146606,27,17311.787268,True,0.95
56.958418,17,17316.102701,True,0.95
63.608921,77,17335.391964,True,0.95
62.821061,28,17342.43361,True,0.95
58.41363,19,17347.185597,True,0.95
57.778146,88,17369.454347,True,0.95
59.371483,24,17375.512506,True,0.95
55.290349,17,17379.791435,True,0.95
60.440526,82,17400.309504,True,0.95
60.938182,68,17417.37168,True,0.95
61.965918,56,17431.438153,True,0.95
59.382805,23,17437.235809,True,0.95
68.098907,70,17454.853513,True,0.95
60.864974,30,17462.359195,True,0.95
54.444628,11,17465.181293,True,0.95
57.686268,21,17470.507439,True,0.95
58.462881,71,17488.333272,True,0.95
61.423541,24,17494.391977,True,0.95
55.293533,47,17506.191847,True,0.95
60.557929,73,17524.55492,True,0.95
60.514998,26,17531.148201,True,0.95
59.531073,24,17551.827629,True,0.95
56.174174,70,17569.969797,True,0.95
52.853641,7,17571.80486,True,0.95
54.780901,14,17575.373492,True,0.95
58.401823,96,17599.509166,True,0.95
57.358766,17,17603.846562,True,0.95
58.977538,65,17620.228769,True,0.95
61.360276,23,17626.186187,True,0.95
57.934055,74,17644.787792,True,0.95
59.710075,23,17650.612019,True,0.95
52.770031,21,17655.950079,True,0.95
59.385434,20,17660.996849,True,0.95
58.62679,45,17672.377634,True,0.95
57.626688,16,17676.474965,True,0.95
55.72045,15,17680.291473,True,0.95
56.028543,13,17683.633513,True,0.95
61.950521,27,17690.434668,True,0.95
59.530142,74,17709.134968,True,0.95
62.028957,25,17715.460633,True,0.95
54.311639,9,17717.755707,True,0.95
55.155456,16,17721.89999,True,0.95
60.057082,22,17727.516241,True,0.95
62.142727,61,17742.965771,True,0.95
59.075084,21,17748.303228,True,0.95
62.383424,25,17754.637,True,0.95
58.430059,16,17758.720455,True,0.95
62.953947,31,17766.630818,True,0.95
53.170902,9,17768.941145,True,0.95
57.751926,69,17786.499026,True,0.95
58.822912,25,17792.820335,True,0.95
59.287603,25,17799.221386,True,0.95
61.379175,29,17806.6028,True,0.95
55.686835,13,17809.932592,True,0.95
57.46971,65,17826.403651,True,0.95
53.47,8,17828.474485,True,0.95
63.982954,31,17836.327974,True,0.95
57.381011,23,17842.206727,True,0.95
61.762958,23,17848.081415,True,0.95
61.254598,26,17854.64989,True,0.95
62.117449,26,17861.280559,True,0.95
59.978557,22,17867.348662,True,0.95
63.531468,87,17889.320776,True,0.95
60.568757,24,17895.434371,True,0.95
60.681855,24,17901.591761,True,0.95
62.809657,29,17908.948797,True,0.95
55.783965,14,17912.507374,True,0.95
53.802103,8,17914.656574,True,0.95
61.123212,28,17921.858803,True,0.95
61.942738,28,17929.009474,True,0.95
55.883935,63,17945.025977,True,0.95
59.826584,73,17963.691557,True,0.95
61.238085,29,17971.000995,True,0.95
59.698578,25,17977.456291,True,0.95
59.566104,29,17984.818848,True,0.95
60.213436,61,18000.403283,True,0.95
61.466083,26,18006.978781,True,0.95
62.598355,30,18014.706159,True,0.95
57.622724,70,18032.535396,True,0.95
60.890797,71,18050.597376,True,0.95
63.212724,72,18069.020716,True,0.95
57.384426,67,18100.516774,True,0.95
51.781116,15,18104.386448,True,0.95
58.923715,17,18108.718542,True,0.95
63.024393,55,18122.769555,True,0.95
55.391476,16,18126.895611,True,0.95
65.615391,67,18143.912093,True,0.95
58.603198,22,18149.545629,True,0.95
55.15622,63,18165.644897,True,0.95
52.628526,5,18166.983561,True,0.95
61.330913,26,18173.701217,True,0.95
55.989616,22,18179.340714,True,0.95
57.121802,72,18198.180599,True,0.95
57.513747,63,18214.314672,True,0.95
58.713518,18,18218.967072,True,0.95
61.542942,28,18226.134934,True,0.95
64.206101,30,18233.935453,True,0.95
58.476954,18,18238.561063,True,0.95
64.718338,55,18252.667476,True,0.95
56.845182,22,18258.337551,True,0.95
58.271559,83,18279.616311,True,0.95
53.658338,7,18281.46071,True,0.95
62.360605,28,18288.74014,True,0.95
61.36592,24,18294.918605,True,0.95
58.959526,61,18310.66825,True,0.95
50.946037,54,18324.560558,True,0.95
55.619254,53,18338.19806,True,0.95
62.054828,25,18344.681011,True,0.95
61.3255,71,18362.868455,True,0.95
65.666484,87,18385.192856,True,0.95
56.484411,17,18389.643142,True,0.95
60.998047,28,18396.829739,True,0.95
60.580135,73,18415.652062,True,0.95
68.318557,93,18439.520977,True,0.95
61.559204,25,18446.032693,True,0.95
53.663193,8,18448.152416,True,0.95
63.635245,33,18456.635527,True,0.95
62.84553,69,18474.452092,True,0.95
62.89709,60,18489.836565,True,0.95
61.573171,25,18496.246154,True,0.95
62.928863,32,18505.083771,True,0.95
55.610054,61,18520.801544,True,0.95
62.883126,29,18528.311113,True,0.95
54.033845,11,18531.216018,True,0.95
56.733066,71,18549.487262,True,0.95
56.893201,54,18563.557205,True,0.95
58.846701,19,18568.467552,True,0.95
58.685583,24,18574.627743,True,0.95
56.781409,17,18579.093705,True,0.95
56.329573,18,18583.806932,True,0.95
60.158666,23,18589.754257,True,0.95
63.410972,31,18597.781327,True,0.95
11.06826,600,18766.970277,False,0.95
57.57167,18,18771.649568,True,0.95
60.693089,71,18789.9936,True,0.95
2.218037,600,18946.241963,False,0.95
57.459292,17,18950.804346,True,0.95
3.752472,600,19108.514429,False,0.95
61.595497,25,19115.116425,True,0.95
8.410156,600,19287.352602,False,0.95
56.340225,15,19291.307939,True,0.95
0.08225,600,19448.498637,False,0.95
55.548141,116,19478.994393,True,0.95
62.185543,131,19513.84733,True,0.95
58.892709,176,19560.106076,True,0.95
55.359637,19,19565.124109,True,0.95
62.019435,284,19639.941233,True,0.95
63.11155,232,19701.130399,True,0.95
61.769972,550,19871.129019,True,0.95
61.591158,336,19960.25374,True,0.95
64.516473,335,20049.443123,True,0.95
55.989053,334,20139.021195,True,0.95
60.990568,554,20305.535933,True,0.95
57.732075,125,20338.966084,True,0.95
61.997564,345,20431.526157,True,0.95
53.007218,15,20435.6388,True,0.95
61.091696,127,20469.95342,True,0.95
58.108834,25,20476.741335,True,0.95
56.134525,67,20494.710385,True,0.95
62.777651,149,20534.465782,True,0.95
63.033485,375,20635.432062,True,0.95
50.660381,51,20649.258708,True,0.95
60.593332,23,20655.477365,True,0.95
56.4608,123,20688.618848,True,0.95
62.378597,28,20696.190784,True,0.95
65.327682,364,20795.20646,True,0.95
65.720398,420,20935.954585,True,0.95
52.70442,6,20937.620188,True,0.95
60.925913,182,20987.321689,True,0.95
62.957326,587,21147.801319,True,0.95
58.61027,125,21182.015023,True,0.95
13.289158,600,21345.325417,False,0.95
