#{"t_start": 1774328663.6530607, "env_id": "None"}
r,l,t,is_success,fusion_alpha
6.197619,600,100.637709,False,0.96
6.174361,600,201.606619,False,0.96
57.460801,116,224.180163,True,0.96
13.334125,600,341.596429,False,0.96
6.190023,600,469.309098,False,0.96
10.112594,600,586.866388,False,0.96
10.851725,600,703.307004,False,0.96
14.603961,600,830.315738,False,0.96
9.744594,600,946.779,False,0.96
55.015316,117,969.494228,True,0.96
5.319651,600,1086.861562,False,0.96
7.206101,600,1214.130129,False,0.96
5.629578,600,1331.650231,False,0.96
2.793372,600,1448.773876,False,0.96
5.997386,600,1566.598829,False,0.96
12.32833,600,1695.995647,False,0.96
11.38795,600,1813.826107,False,0.96
5.573498,600,1931.416553,False,0.96
7.048576,600,2059.769887,False,0.96
6.70138,600,2177.277154,False,0.96
12.370925,600,2296.620663,False,0.96
8.839382,600,2415.869126,False,0.96
6.759988,600,2548.071708,False,0.96
1.282625,600,2666.950673,False,0.96
8.072936,600,2787.023063,False,0.96
7.091316,600,2916.575643,False,0.96
12.727566,600,3031.254296,False,0.96
5.46437,600,3150.592056,False,0.96
10.391529,600,3280.598862,False,0.96
9.581473,600,3400.502412,False,0.96
6.861373,600,3520.942343,False,0.96
2.838721,600,3636.043882,False,0.96
2.932938,600,3769.612845,False,0.96
4.454686,600,3884.285954,False,0.96
3.395358,600,4004.533417,False,0.96
6.763239,600,4134.336588,False,0.96
6.498157,600,4254.889961,False,0.96
7.98393,600,4375.649029,False,0.96
1.096232,600,4497.23152,False,0.96
3.112127,600,4630.431393,False,0.96
-0.000148,600,4752.391217,False,0.96
11.06658,600,4871.678527,False,0.96
1.29888,600,5004.430065,False,0.96
-0.651655,600,5126.167961,False,0.96
3.605377,600,5248.712199,False,0.96
8.247322,600,5381.567463,False,0.96
4.568307,600,5504.099265,False,0.96
6.446714,600,5625.50174,False,0.96
9.123682,600,5748.634335,False,0.96
-3.514945,600,5884.879179,False,0.96
0.567626,600,6007.396838,False,0.96
7.334813,600,6129.454833,False,0.96
3.139674,600,6262.77809,False,0.96
5.152829,600,6385.090077,False,0.96
5.569721,600,6508.068458,False,0.96
3.508658,600,6630.867631,False,0.96
2.872459,600,6766.759925,False,0.96
9.566246,600,6891.468809,False,0.96
1.208519,600,7015.148249,False,0.96
7.70027,600,7148.763844,False,0.96
4.396654,600,7273.299056,False,0.96
1.027142,600,7398.231784,False,0.96
5.270056,600,7523.643022,False,0.96
4.845363,600,7662.161145,False,0.96
1.419138,600,7787.423928,False,0.96
12.87062,600,7912.015946,False,0.96
1.444065,600,8049.913697,False,0.96
4.301841,600,8176.174607,False,0.96
13.035488,600,8303.491704,False,0.96
8.604957,600,8442.248026,False,0.96
11.284921,600,8570.33892,False,0.96
3.796091,600,8698.742205,False,0.96
9.280264,600,8826.667238,False,0.96
-2.654007,600,8968.970418,False,0.96
11.731093,600,9097.593823,False,0.96
2.181706,600,9226.723626,False,0.96
1.383625,600,9368.581416,False,0.96
49.601189,1,9368.851133,True,0.96
11.516626,600,9499.035513,False,0.96
0.663589,600,9630.931227,False,0.96
5.700201,600,9762.910908,False,0.96
6.405092,600,9909.472315,False,0.96
6.3382,600,10043.150414,False,0.96
6.565567,600,10180.220357,False,0.96
11.734511,600,10334.031311,False,0.96
1.225743,600,10473.395654,False,0.96
3.710299,600,10612.999792,False,0.96
7.809019,600,10767.081769,False,0.96
11.320872,600,10907.666148,False,0.96
6.928159,600,11049.073585,False,0.96
2.025534,600,11190.648353,False,0.96
9.939577,600,11350.865499,False,0.96
8.706222,600,11493.646281,False,0.96
8.790376,600,11637.91166,False,0.96
8.527944,600,11797.188906,False,0.96
5.065233,600,11943.138672,False,0.96
3.739132,600,12089.049184,False,0.96
7.797552,600,12236.311794,False,0.96
2.101768,600,12401.512169,False,0.96
3.367089,600,12549.704901,False,0.96
7.453338,600,12698.1889,False,0.96
4.069101,600,12862.563476,False,0.96
5.128578,600,13012.176179,False,0.96
2.056253,600,13163.217274,False,0.96
6.648193,600,13314.37572,False,0.96
9.91129,600,13486.309383,False,0.96
5.861087,600,13639.137706,False,0.96
6.208429,600,13792.705378,False,0.96
7.518949,600,13961.861405,False,0.96
10.97866,600,14116.903003,False,0.96
2.865954,600,14271.625791,False,0.96
9.099583,600,14440.070648,False,0.96
-0.287757,600,14595.685391,False,0.96
8.984912,600,14752.281214,False,0.96
1.097316,600,14908.93371,False,0.96
9.375261,600,15083.431411,False,0.96
9.658685,600,15242.987516,False,0.96
12.785715,600,15405.652427,False,0.96
2.044267,600,15580.389251,False,0.96
4.110703,600,15741.228029,False,0.96
12.096762,600,15899.854708,False,0.96
5.718814,600,16060.61326,False,0.96
7.013788,600,16240.897477,False,0.96
1.078528,600,16403.300689,False,0.96
6.502055,600,16565.680949,False,0.96
11.973123,600,16744.003182,False,0.96
5.782307,600,16907.645521,False,0.96
11.218354,600,17072.189259,False,0.96
12.733945,600,17252.508623,False,0.96
5.829017,600,17417.278204,False,0.96
5.047221,600,17583.433307,False,0.96
12.310869,600,17750.032527,False,0.96
9.893551,600,17936.387295,False,0.96
12.448439,600,18104.750013,False,0.96
0.532069,600,18274.230365,False,0.96
4.693156,600,18457.375072,False,0.96
7.023826,600,18626.679436,False,0.96
9.986838,600,18796.899159,False,0.96
5.850662,600,18968.37658,False,0.96
11.655955,600,19158.054741,False,0.96
4.92969,600,19330.570921,False,0.96
4.907977,600,19503.440254,False,0.96
11.090509,600,19693.08412,False,0.96
3.95572,600,19866.562708,False,0.96
3.31316,600,20043.016142,False,0.96
4.891293,600,20238.887049,False,0.96
2.591287,600,20420.144381,False,0.96
7.716326,600,20601.929814,False,0.96
3.383187,600,20783.616905,False,0.96
3.479356,600,20985.35239,False,0.96
11.637713,600,21167.814086,False,0.96
6.702385,600,21351.8479,False,0.96
7.972328,600,21546.641344,False,0.96
0.452105,600,21725.324651,False,0.96
9.555804,600,21905.628331,False,0.96
7.225946,600,22084.680883,False,0.96
6.242993,600,22280.477931,False,0.96
11.998072,600,22460.453835,False,0.96
3.232735,600,22643.619636,False,0.96
51.019354,2,22644.283142,True,0.96
-1.333611,600,22842.551607,False,0.96
12.16041,600,23026.454595,False,0.96
2.8563,600,23211.071384,False,0.96
3.442151,600,23396.76621,False,0.96
-2.710871,600,23600.188172,False,0.96
9.029043,600,23784.611534,False,0.96
7.854411,600,23971.511912,False,0.96
5.528818,600,24175.486579,False,0.96
12.461919,600,24364.001987,False,0.96
5.33628,600,24554.945682,False,0.96
8.090481,600,24761.41056,False,0.96
9.685754,600,24954.455448,False,0.96
9.241948,600,25146.633994,False,0.96
1.483257,600,25340.005982,False,0.96
8.399414,600,25551.889094,False,0.96
10.287948,600,25746.384526,False,0.96
2.996142,600,25941.608037,False,0.96
6.902114,600,26153.947083,False,0.96
4.045183,600,26350.575298,False,0.96
9.872024,600,26548.135606,False,0.96
7.486269,600,26745.873449,False,0.96
5.922196,600,26964.247488,False,0.96
4.449614,600,27170.83548,False,0.96
12.565323,600,27377.454686,False,0.96
